id,incoming_wavefront_x,incoming_wavefront_y,output_x,output_y,avg_rms_error
1,-0.97708,0.03072,0.00167,1.07E-05,0.045974153
2,-0.9736,-0.06114,0.0037,1.35E-05,0.020101884
3,-0.96199,-0.09952,0.00662,6.38E-06,0.032827743
4,-0.95445,-0.0344,0.01025,9.37E-06,0.068952687
5,-0.95445,0.1034,0.01564,1.65E-05,0.137870975
6,-0.95039,-0.1722,0.0235,2.92E-05,0.112935473
7,-0.95039,0.0534,0.03456,4.34E-05,0.082523937
8,-0.95039,-0.11115,0.04737,8.89E-05,0.076634595
9,-0.95039,0.04177,0.05771,1.39E-04,0.021175502
10,-0.94691,-9.22E-05,0.0631,1.74E-04,0.040273046
11,-0.94691,0.08015,0.07009,2.21E-04,0.017719034
12,-0.94691,0.04584,0.07896,2.81E-04,0.101595488
13,-0.94691,-0.15708,0.08945,3.62E-04,0.059522051
14,-0.94285,-0.03847,0.09876,4.42E-04,0.093905032
15,-0.94285,0.14934,0.09891,4.77E-04,0.122701579
16,-0.93937,-0.09603,0.09687,4.53E-04,0.072998511
17,-0.93937,0.04991,0.09279,4.33E-04,0.087808246
18,-0.93937,0.2255,0.08974,3.93E-04,0.152956321
19,-0.9353,-0.08033,0.08391,3.44E-04,0.032786837
20,-0.9353,-0.01521,0.07621,2.95E-04,0.01380988
21,-0.93124,-0.04196,0.07066,2.45E-04,0.078541184
22,-0.93124,-0.19894,0.06499,2.17E-04,0.057385721
23,-0.92776,-0.0844,0.05859,1.73E-04,0.026911066
24,-0.92776,-0.13789,0.05262,1.43E-04,0.145463221
25,-0.92776,0.15282,0.0414,9.60E-05,0.042383208
26,-0.92776,0.06852,0.03252,6.76E-05,0.173870733
27,-0.92776,-0.27918,0.02715,3.92E-05,0.078239076
28,-0.9237,-0.12277,0.02495,2.08E-05,0.12889194
29,-0.92022,0.13364,0.0513,1.09E-04,0.006021767
30,-0.92022,0.12259,0.04651,1.19E-04,0.022181421
31,-0.92022,0.16445,0.0612,1.97E-04,0.026828509
32,-0.92022,0.21794,0.06543,2.48E-04,0.061216366
33,-0.92022,0.09584,0.07445,3.08E-04,0.172443624
34,-0.92022,-0.24894,0.08305,3.82E-04,0.26225903
35,-0.91616,0.27551,0.09046,4.22E-04,0.22590356
36,-0.91616,-0.17627,0.09541,4.80E-04,0.053547086
37,-0.9121,-0.07277,0.0682,2.70E-04,0.100571905
38,-0.9121,-0.27162,0.03791,1.10E-04,0.147513708
39,-0.9121,0.02316,0.02583,6.61E-05,0.067249561
40,-0.9121,-0.11115,0.0187,3.78E-05,0.101595665
41,-0.90861,0.09177,0.0088,2.64E-05,0.09303771
42,-0.90861,-0.08033,0.07955,3.26E-04,0.061175811
43,-0.90455,0.04177,0.07284,2.87E-04,0.046486623
44,-0.90455,0.13364,0.08712,3.83E-04,0.023154232
45,-0.90455,0.0877,0.09295,4.19E-04,0.1645573
46,-0.90107,-0.24139,0.09497,4.49E-04,0.050534654
47,-0.90107,-0.32511,0.03835,7.19E-05,0.154952912
48,-0.90107,-0.01521,0.03645,7.47E-05,0.101725941
49,-0.89701,0.18771,0.05058,1.13E-04,0.113105793
50,-0.89701,-0.03847,0.05436,1.37E-04,0.122508633
51,-0.89701,-0.28325,0.06514,2.01E-04,0.202980368
52,-0.89701,0.12259,0.07504,2.64E-04,0.015976077
53,-0.89701,0.09177,0.08347,3.17E-04,0.141591124
54,-0.89353,-0.19138,0.08595,3.63E-04,0.118643996
55,-0.89353,0.04584,0.09163,3.88E-04,0.095677019
56,-0.89353,0.23713,0.09658,4.25E-04,0.136497837
57,-0.89353,-0.0344,0.06833,2.38E-04,0.053893316
58,-0.88947,-0.14138,0.05581,1.76E-04,0.130083643
59,-0.88947,0.11852,0.04402,1.25E-04,0.248976902
60,-0.88947,-0.37919,0.0596,2.23E-04,0.11483647
61,-0.88947,-0.14952,0.06076,1.51E-04,0.029826005
62,-0.88541,-0.2065,0.04358,7.47E-05,0.229393524
63,-0.88541,0.25225,0.04941,1.37E-04,0.114565934
64,-0.88541,0.02316,0.05379,1.62E-04,0.065175306
65,-0.88541,0.15282,0.04039,8.18E-05,0.139640997
66,-0.88541,-0.12626,0.02977,3.92E-05,0.039979041
67,-0.88541,-0.05358,0.0631,1.93E-04,0.187521723
68,-0.88193,0.32144,0.06076,1.77E-04,0.26995629
69,-0.88193,-0.21813,0.07999,3.01E-04,0.022990855
70,-0.88193,-0.1722,0.08217,3.18E-04,0.086094158
71,-0.87786,-9.22E-05,0.08551,3.46E-04,0.166588093
72,-0.87786,-0.33325,0.08901,3.78E-04,0.285204898
73,-0.87786,0.23713,0.09484,4.29E-04,0.064412206
74,-0.87786,0.11445,0.05553,1.63E-04,0.021827605
75,-0.87786,0.07259,0.04314,8.76E-05,0.101461333
76,-0.87786,-0.13033,0.04418,9.75E-05,0.047986912
77,-0.87786,-0.0344,0.04708,1.07E-04,0.208465284
78,-0.87438,0.38249,0.05174,1.27E-04,0.258317816
79,-0.87438,-0.13382,0.0334,5.47E-05,0.142972255
80,-0.87032,0.14934,0.073,2.38E-04,0.212525525
81,-0.87032,-0.27569,0.06877,2.06E-04,0.032580837
82,-0.87032,-0.21057,0.06644,1.83E-04,0.01281319
83,-0.87032,-0.23325,0.05451,1.19E-04,0.219907735
84,-0.86626,0.20632,0.04039,5.47E-05,0.103289304
85,-0.86626,-9.22E-05,0.0321,2.64E-05,0.051801553
86,-0.86626,-0.10359,0.02743,1.93E-05,0.099441658
87,-0.86626,-0.30244,0.03107,5.47E-05,0.121142692
88,-0.86278,-0.06114,0.05262,1.19E-04,0.155447578
89,-0.86278,-0.37105,0.07735,2.48E-04,0.156729583
90,-0.86278,-0.05765,0.07126,2.14E-04,0.009884202
91,-0.85872,-0.07277,0.08333,2.97E-04,0.09363716
92,-0.85872,0.11445,0.08784,3.44E-04,0.258175838
93,-0.85872,-0.40186,0.0944,3.96E-04,0.068903815
94,-0.85872,-0.26406,0.09585,4.09E-04,0.286964009
95,-0.85872,0.30981,0.08769,3.26E-04,0.365431626
96,-0.85872,-0.42105,0.08551,3.26E-04,0.128274437
97,-0.85872,-0.16464,0.07707,2.68E-04,0.025087778
98,-0.85524,-0.21464,0.07473,2.48E-04,0.127143434
99,-0.85524,0.03828,0.0484,1.22E-04,0.109205245
100,-0.85118,-0.17975,0.03617,5.06E-05,0.218781667
101,-0.84769,0.25632,0.07212,2.61E-04,0.342467245
102,-0.84769,-0.42861,0.0746,2.81E-04,0.206786206
103,-0.84769,-0.01521,0.06266,1.54E-04,0.06243652
104,-0.84769,-0.13789,0.03936,9.17E-05,0.057645769
105,-0.84363,-0.02277,0.03456,6.76E-05,0.159059956
106,-0.84363,-0.34081,0.02743,5.34E-05,0.113143993
107,-0.84363,-0.11463,0.02044,3.78E-05,0.113741344
108,-0.84363,-0.34081,0.04475,1.09E-04,0.138237561
109,-0.84363,-0.06521,0.06673,2.21E-04,0.074865211
110,-0.84363,0.08422,0.07621,2.84E-04,0.105259424
111,-0.83957,0.29469,0.07823,3.09E-04,0.114843335
112,-0.83957,0.06503,0.08173,3.34E-04,0.009946283
113,-0.83957,0.04584,0.08697,3.56E-04,0.157010838
114,-0.83609,-0.26813,0.09148,4.01E-04,0.089868348
115,-0.83609,-0.44779,0.09673,4.42E-04,0.076459134
116,-0.83609,-0.29488,0.09832,4.62E-04,0.048770543
117,-0.83609,-0.19894,0.08072,3.21E-04,0.051821948
118,-0.83203,-0.30244,0.07707,2.87E-04,0.156990845
119,-0.83203,0.01154,0.0781,3.00E-04,0.221827101
120,-0.82855,0.45517,0.08116,3.05E-04,0.313932178
121,-0.82855,-0.1722,0.05625,1.50E-04,0.170363235
122,-0.82855,-0.51291,0.0596,1.69E-04,0.331209602
123,-0.82449,0.14934,0.04519,8.05E-05,0.015886086
124,-0.82449,0.11852,0.05291,9.17E-05,0.180053671
125,-0.82449,-0.24139,0.06483,1.49E-04,0.057741025
126,-0.82449,-0.35593,0.07955,2.67E-04,0.37886425
127,-0.82449,0.40168,0.09295,3.62E-04,0.081213221
128,-0.82042,0.24876,0.03835,4.91E-05,0.065313206
129,-0.82042,0.11852,0.02831,2.64E-05,0.241009392
130,-0.82042,-0.36349,0.03122,4.20E-05,0.095690803
131,-0.81694,-0.1722,0.03601,6.18E-05,0.034404905
132,-0.81694,-0.10359,0.04125,7.32E-05,0.235583874
133,-0.81694,0.36737,0.05524,1.44E-04,0.172113897
134,-0.81694,0.02316,0.05874,1.59E-04,0.087872349
135,-0.81694,0.19876,0.06587,2.04E-04,0.304096285
136,-0.81694,-0.40942,0.06978,2.33E-04,0.009695164
137,-0.81694,-0.39023,0.07256,2.51E-04,0.290715579
138,-0.81694,0.1912,0.07372,2.64E-04,0.244800673
139,-0.81694,-0.29837,0.07926,3.12E-04,0.084153944
140,-0.81288,-0.13033,0.08784,3.69E-04,0.026828504
141,-0.81288,-0.07684,0.09207,4.09E-04,0.030829487
142,-0.81288,-0.01521,0.09396,4.19E-04,0.005851223
143,-0.81288,-0.02684,0.09526,4.38E-04,0.131999702
144,-0.81288,-0.29081,0.0992,4.71E-04,0.060033421
145,-0.8094,-0.40593,0.06527,1.94E-04,0.223886998
146,-0.8094,0.04177,0.05713,1.59E-04,0.07288518
147,-0.8094,-0.10359,0.0462,9.90E-05,0.175932312
148,-0.8094,-0.45535,0.03762,8.18E-05,0.152961839
149,-0.8094,-0.14952,0.03005,2.79E-05,0.097787549
150,-0.8094,0.04584,0.02088,1.35E-05,0.006402939
151,-0.80534,0.05747,0.01738,9.37E-06,0.032610548
152,-0.80534,0.12259,0.01375,9.37E-06,0.187560799
153,-0.80534,-0.25243,0.00502,6.38E-06,0.038095597
154,-0.80534,-0.17627,0.00284,6.38E-06,0.252655266
155,-0.80534,0.329,0.00924,1.50E-05,0.332876586
156,-0.80186,-0.33674,0.01157,1.65E-05,0.071007142
157,-0.80186,-0.47861,0.01797,2.08E-05,0.195364392
158,-0.80186,-0.08789,0.02059,2.64E-05,0.061103024
159,-0.80186,0.03421,0.02568,3.63E-05,0.266016725
160,-0.7978,-0.4978,0.02277,4.34E-05,0.151176738
161,-0.7978,-0.19545,0.02422,4.91E-05,0.01556917
162,-0.7978,-0.16464,0.02873,5.19E-05,0.076531731
163,-0.79374,-0.31755,0.02321,1.65E-05,0.155261184
164,-0.79374,-0.00765,0.04286,1.06E-04,0.271845317
165,-0.79374,-0.55129,0.03544,8.46E-05,0.044820271
166,-0.79374,-0.46291,0.05042,1.27E-04,0.046098692
167,-0.79374,-0.37105,0.0583,1.86E-04,0.024811839
168,-0.79374,-0.32162,0.05392,1.91E-04,0.101505985
169,-0.79374,-0.1187,0.04781,1.53E-04,0.059453881
170,-0.79025,-0.00416,0.07955,3.44E-04,0.054543644
171,-0.79025,0.1034,0.06136,2.63E-04,0.220429565
172,-0.79025,-0.33674,0.08653,4.19E-04,0.036693796
173,-0.78619,-0.40942,0.09585,5.20E-04,0.472529596
174,-0.78619,0.53541,0.07504,2.16E-04,0.151108756
175,-0.78619,0.23364,0.09148,3.51E-04,0.095937203
176,-0.78619,0.04177,0.09018,3.83E-04,0.091095346
177,-0.78271,0.22201,0.06382,2.08E-04,0.308221455
178,-0.78271,-0.3943,0.05102,1.43E-04,0.059542251
179,-0.78271,-0.51291,0.06164,1.91E-04,0.243066496
180,-0.77865,-0.02684,0.06833,2.21E-04,0.243041301
181,-0.77865,-0.51291,0.07183,2.38E-04,0.222193206
182,-0.77865,-0.0687,0.08435,3.31E-04,0.027341158
183,-0.77865,-0.12277,0.09251,4.03E-04,0.076805786
184,-0.77865,0.03072,0.09862,4.56E-04,0.057452834
185,-0.77865,-0.07277,0.04869,9.90E-05,0.020930001
186,-0.77865,-0.03091,0.04869,1.12E-04,0.133763091
187,-0.77459,-0.29837,0.05304,1.30E-04,0.028574054
188,-0.77459,-0.24139,0.05742,1.69E-04,0.080382966
189,-0.77459,-0.40186,0.06717,2.04E-04,0.164580539
190,-0.77459,-0.07277,0.07401,2.48E-04,0.068949831
191,-0.77111,-0.21057,0.07009,2.37E-04,0.021929539
192,-0.77111,-0.25243,0.08318,3.42E-04,0.034606191
193,-0.77111,-0.32162,0.08494,3.52E-04,0.24682339
194,-0.77111,0.17201,0.08901,3.90E-04,0.178806236
195,-0.77111,-0.18382,0.05335,1.53E-04,0.116583246
196,-0.77111,-0.41698,0.05509,1.53E-04,0.156695018
197,-0.77111,-0.10359,0.05494,1.32E-04,0.210491608
198,-0.76705,0.31737,0.05669,1.39E-04,0.296540922
199,-0.76705,-0.27569,0.06178,1.76E-04,0.174206281
200,-0.76705,0.07259,0.07139,2.28E-04,0.044260333
201,-0.76705,0.16038,0.06004,1.88E-04,0.172135486
202,-0.76705,-0.18382,0.06703,2.27E-04,0.088176004
203,-0.76705,-0.00765,0.07504,2.70E-04,0.273596402
204,-0.76705,-0.55478,0.08333,3.28E-04,0.499176838
205,-0.76356,0.44354,0.09075,3.99E-04,0.525908396
206,-0.76356,-0.60827,0.09453,4.38E-04,0.399738552
207,-0.76356,0.1912,0.0979,4.66E-04,0.16886997
208,-0.7595,-0.14138,0.03923,6.76E-05,0.040485724
209,-0.7595,-0.2222,0.04418,8.76E-05,0.245076072
210,-0.7595,0.26795,0.04563,1.00E-04,0.166635233
211,-0.7595,-0.06521,0.05421,1.43E-04,0.203184079
212,-0.7595,-0.47047,0.02422,3.50E-05,0.22560627
213,-0.7595,-0.01928,0.01971,1.78E-05,0.237237259
214,-0.75602,-0.49373,0.01637,1.50E-05,0.160779916
215,-0.75602,-0.1722,0.01199,7.88E-06,0.149146044
216,-0.75602,-0.47047,0.00836,9.37E-06,0.493642511
217,-0.75196,0.5168,0.00473,1.07E-05,0.348441485
218,-0.75196,-0.17975,0.02627,3.07E-05,0.202922564
219,-0.75196,-0.58559,0.02831,4.06E-05,0.05179475
220,-0.7479,-0.4821,0.03034,4.34E-05,0.256413741
221,-0.7479,0.03072,0.03311,5.19E-05,0.174146143
222,-0.7479,-0.31755,0.03705,6.33E-05,0.030625175
223,-0.7479,-0.2565,0.042,8.46E-05,0.084357652
224,-0.7479,-0.42512,0.04767,1.03E-04,0.086352792
225,-0.7479,-0.25243,0.04999,1.25E-04,0.067296522
226,-0.74442,-0.38674,0.05799,1.56E-04,0.258451444
227,-0.74442,0.13015,0.06164,1.86E-04,0.248865217
228,-0.74442,-0.36756,0.06615,2.13E-04,0.285204519
229,-0.74442,0.20283,0.06149,1.67E-04,0.308169754
230,-0.74036,-0.41349,0.05874,1.49E-04,0.023097987
231,-0.74036,-0.45942,0.05379,1.25E-04,0.090196746
232,-0.74036,-0.27918,0.04635,9.17E-05,0.13404462
233,-0.73688,-0.54722,0.04257,7.47E-05,0.30789064
234,-0.73688,0.06852,0.03544,4.91E-05,0.246824318
235,-0.73688,-0.42512,0.03252,4.06E-05,0.097801575
236,-0.73688,-0.22976,0.02277,2.08E-05,0.392179948
237,-0.73688,0.55459,0.01883,1.50E-05,0.181706396
238,-0.73688,0.1912,0.01476,6.38E-06,0.396909528
239,-0.73688,-0.60071,0.06978,2.21E-04,0.043965285
240,-0.73688,-0.51291,0.06499,1.90E-04,0.097702527
241,-0.73281,-0.31755,0.06397,1.86E-04,0.286935
242,-0.73281,0.25632,0.06397,2.01E-04,0.283172121
243,-0.73281,-0.31,0.06921,2.31E-04,0.172140586
244,-0.73281,0.03421,0.07621,2.63E-04,0.152918336
245,-0.73281,-0.27162,0.07823,2.89E-04,0.09739131
246,-0.73281,-0.07684,0.07722,2.75E-04,0.01178314
247,-0.72875,-0.09952,0.08217,3.07E-04,0.015473097
248,-0.72875,-0.13033,0.08507,3.35E-04,0.10902414
249,-0.72875,-0.34837,0.08697,3.56E-04,0.128211642
250,-0.72875,-0.09196,0.08958,3.73E-04,0.057279172
251,-0.72875,-0.2065,0.09163,3.88E-04,0.174150202
252,-0.72527,-0.55478,0.09308,3.98E-04,0.076468876
253,-0.72527,-0.40186,0.09541,4.19E-04,0.061351063
254,-0.72527,-0.27918,0.09774,4.43E-04,0.149427533
255,-0.72527,-0.57803,0.09948,4.59E-04,0.151177692
256,-0.72527,-0.27569,0.09643,4.36E-04,0.011695396
257,-0.72527,-0.25243,0.09396,4.10E-04,0.047747416
258,-0.72121,-0.15708,0.09062,3.75E-04,0.373284102
259,-0.72121,0.58948,0.08712,3.53E-04,0.484338389
260,-0.71773,-0.37919,0.08611,3.46E-04,0.139567592
261,-0.71773,-0.65827,0.08056,2.98E-04,0.134020484
262,-0.71773,-0.39023,0.07984,2.94E-04,0.181745641
263,-0.71773,-0.02684,0.08842,3.56E-04,0.099429491
264,-0.71773,-0.22569,0.08653,3.75E-04,0.140228687
265,-0.71773,-0.50129,0.03456,6.18E-05,0.036347287
266,-0.71773,-0.57396,0.03267,5.34E-05,0.593097058
267,-0.71367,0.61215,0.0462,1.12E-04,0.120667498
268,-0.71367,0.37086,0.05086,1.32E-04,0.39217567
269,-0.71367,-0.41349,0.04941,1.06E-04,0.0156944
270,-0.71367,-0.44372,0.04096,6.91E-05,0.172113191
271,-0.71019,-0.09952,0.0385,5.90E-05,0.086083742
272,-0.71019,-0.27162,0.03368,4.06E-05,0.074435163
273,-0.71019,-0.12277,0.03122,3.35E-05,0.377062638
274,-0.71019,0.63134,0.02642,2.36E-05,0.420961448
275,-0.71019,-0.21057,0.02176,1.07E-05,0.114847942
276,-0.70613,0.01909,0.02176,2.36E-05,0.109093774
277,-0.70613,-0.19894,0.03005,5.19E-05,0.089936233
278,-0.70613,-0.01928,0.03879,8.18E-05,0.283159925
279,-0.70613,-0.58559,0.04213,9.60E-05,0.227645078
280,-0.70613,-0.13033,0.04737,1.17E-04,0.08249678
281,-0.70613,-0.29488,0.05946,1.81E-04,0.112885131
282,-0.70613,-0.52047,0.06848,2.30E-04,0.237233663
283,-0.70206,-0.04603,0.07154,2.55E-04,0.263972889
284,-0.70206,0.48191,0.07401,2.75E-04,0.537549004
285,-0.70206,-0.59315,0.08305,3.31E-04,0.382584526
286,-0.69858,0.17201,0.08173,3.26E-04,0.388428418
287,-0.69858,-0.60478,0.09192,3.93E-04,0.011806712
288,-0.69858,-0.58152,0.09599,4.29E-04,0.038080002
289,-0.69858,-0.50536,0.09599,4.56E-04,0.157746015
290,-0.69858,-0.19138,0.06514,2.14E-04,0.16286716
291,-0.69858,0.13364,0.04358,9.75E-05,0.166600004
292,-0.69452,0.4668,0.04039,8.76E-05,0.46689328
293,-0.69452,-0.46698,0.03689,7.19E-05,0.057566575
294,-0.69452,-0.35186,0.03515,6.33E-05,0.497416546
295,-0.69452,0.64297,0.03267,6.05E-05,0.587542969
296,-0.69452,-0.5321,0.02655,4.34E-05,0.082270788
297,-0.69452,-0.36756,0.02583,4.91E-05,0.13529839
298,-0.69452,-0.6356,0.06294,2.04E-04,0.231765892
299,-0.69104,-0.1722,0.07343,2.68E-04,0.12822123
300,-0.69104,-0.42861,0.07751,2.95E-04,0.126173034
301,-0.69104,-0.17627,0.07926,3.02E-04,0.043897963
302,-0.69104,-0.26406,0.08028,3.18E-04,0.166318713
303,-0.68698,0.06852,0.08494,3.58E-04,0.17792715
304,-0.68698,-0.28732,0.08813,3.82E-04,0.118645817
305,-0.68698,-0.52454,0.09396,4.32E-04,0.255850923
306,-0.68698,-0.01521,0.04475,1.07E-04,0.311950342
307,-0.68698,-0.63909,0.03967,6.33E-05,0.233570149
308,-0.68698,-0.1722,0.02438,1.50E-05,0.009876937
309,-0.68292,-0.15301,0.02204,2.92E-05,0.086120947
310,-0.68292,0.01909,0.01505,2.08E-05,0.256411232
311,-0.68292,-0.49373,0.01346,2.08E-05,0.032683189
312,-0.68292,-0.55885,0.00779,1.35E-05,0.177935747
313,-0.67944,-0.20301,0.00458,1.50E-05,0.365438563
314,-0.67537,0.52785,0.00167,1.93E-05,0.405550314
315,-0.67537,-0.28325,0.00268,1.93E-05,0.120658727
316,-0.67537,-0.04196,0.00632,1.78E-05,0.317813144
317,-0.67537,-0.67746,0.01899,2.36E-05,0.13024
318,-0.67537,-0.41698,0.01899,3.22E-05,0.086375467
319,-0.67537,-0.58966,0.02394,3.63E-05,0.120827165
320,-0.67189,-0.34837,0.03674,5.47E-05,0.277358094
321,-0.67189,0.20632,0.04213,8.46E-05,0.248610001
322,-0.67189,-0.29081,0.05159,1.36E-04,0.114865115
323,-0.67189,-0.52047,0.05727,1.67E-04,0.541601968
324,-0.67189,0.56273,0.06019,1.79E-04,0.275611111
325,-0.67189,0.01154,0.06615,1.80E-04,0.204685995
326,-0.66783,-0.39779,0.07038,2.03E-04,0.035000157
327,-0.66783,-0.46698,0.081,2.61E-04,0.202947569
328,-0.66783,-0.06114,0.08769,2.89E-04,0.099906329
329,-0.66783,-0.26057,0.07533,3.52E-04,0.179827586
330,-0.66783,-0.6199,0.09062,4.52E-04,0.134077471
331,-0.66783,-0.35186,0.09847,3.59E-04,0.123233024
332,-0.66435,-0.11115,0.04563,1.79E-04,0.143500997
333,-0.66435,-0.39779,0.03122,9.47E-05,0.008844315
334,-0.66435,-0.38267,0.02204,6.61E-05,0.109073631
335,-0.66435,-0.60071,0.0152,4.91E-05,0.061277568
336,-0.66029,-0.47861,0.00546,4.06E-05,0.080789892
337,-0.66029,-0.31755,0.01841,2.36E-05,0.484432833
338,-0.66029,0.65053,0.05742,1.36E-04,0.441891712
339,-0.66029,-0.23325,0.05988,1.53E-04,0.170392032
340,-0.65623,-0.57396,0.06571,1.86E-04,0.365425729
341,-0.65623,0.15689,0.06717,1.97E-04,0.185481726
342,-0.65623,0.52785,0.06877,2.20E-04,0.579692653
343,-0.65275,-0.63153,0.06921,2.06E-04,0.074715892
344,-0.65275,-0.4821,0.06848,2.13E-04,0.013818014
345,-0.65275,-0.50884,0.07546,2.58E-04,0.110779475
346,-0.64869,-0.28732,0.07634,2.77E-04,0.040183324
347,-0.64869,-0.36756,0.08085,2.98E-04,0.051790391
348,-0.64869,-0.26406,0.08494,3.19E-04,0.059320939
349,-0.64869,-0.14545,0.08769,3.45E-04,0.197106072
350,-0.64869,-0.53966,0.08639,3.25E-04,0.074737047
351,-0.64869,-0.68909,0.09002,3.78E-04,0.291006331
352,-0.64869,-0.10708,0.09178,4.20E-04,0.269801283
353,-0.6452,-0.64664,0.09759,4.32E-04,0.4477
354,-0.6452,0.24876,0.09759,4.71E-04,0.367466847
355,-0.6452,-0.48617,0.09992,4.86E-04,0.151402416
356,-0.6452,-0.18382,0.08333,3.59E-04,0.165424486
357,-0.6452,-0.51291,0.04926,1.36E-04,0.011671045
358,-0.6452,-0.53559,0.04374,1.17E-04,0.002780693
359,-0.6452,-0.53966,0.03995,1.12E-04,0.308183244
360,-0.6452,0.07666,0.03238,8.46E-05,0.382880814
361,-0.6452,-0.68909,0.02816,6.91E-05,0.016551433
362,-0.6452,-0.65827,0.01608,3.78E-05,0.633184964
363,-0.64114,0.60808,0.01025,2.79E-05,0.568337272
364,-0.64114,-0.52803,0.04607,1.42E-04,0.608475369
365,-0.63708,0.6889,0.0519,1.80E-04,0.612254138
366,-0.63708,-0.53559,0.05859,2.08E-04,0.023036613
367,-0.63708,-0.58152,0.06222,2.26E-04,0.071073827
368,-0.63708,-0.72339,0.0711,2.91E-04,0.400037365
369,-0.6336,0.07666,0.07634,3.32E-04,0.174207491
370,-0.6336,0.42493,0.08639,3.96E-04,0.333174054
371,-0.6336,-0.24139,0.09251,4.63E-04,0.453528399
372,-0.6336,0.66565,0.09803,5.07E-04,0.17211704
373,-0.62954,0.32144,0.09832,4.06E-04,0.214264413
374,-0.62954,-0.10708,0.09557,3.65E-04,0.302346917
375,-0.62954,-0.71176,0.09148,3.09E-04,0.702085584
376,-0.62954,0.69239,0.08377,2.77E-04,0.554701669
377,-0.62954,-0.41698,0.07517,1.80E-04,0.566318154
378,-0.62954,0.71565,0.07139,1.77E-04,0.354096984
379,-0.62606,0.00747,0.06862,1.81E-04,0.195102576
380,-0.62606,-0.38267,0.06149,1.22E-04,0.174139927
381,-0.62606,-0.0344,0.05887,1.30E-04,0.292780484
382,-0.622,-0.6199,0.05146,6.05E-05,0.006504726
383,-0.622,-0.63153,0.04563,5.62E-05,0.537540698
384,-0.622,0.44354,0.04068,2.08E-05,0.359634191
385,-0.61851,-0.27569,0.03412,2.36E-05,0.089840676
386,-0.61851,-0.45535,0.03689,2.36E-05,0.011333599
387,-0.61851,-0.43617,0.04897,7.90E-05,0.065288483
388,-0.61445,-0.56641,0.05742,1.00E-04,0.332870012
389,-0.61445,0.09933,0.05727,1.93E-04,0.292791846
390,-0.61445,-0.48617,0.06717,2.21E-04,0.072700947
391,-0.61445,-0.63153,0.07066,2.58E-04,0.56457606
392,-0.61445,0.49761,0.06543,1.20E-04,0.420975633
393,-0.61039,-0.3443,0.05815,4.91E-05,0.104069538
394,-0.61039,-0.55129,0.07999,2.20E-04,0.05586416
395,-0.60691,-0.66234,0.0682,2.38E-04,0.011423057
396,-0.60691,-0.68502,0.07095,2.38E-04,0.034664251
397,-0.60691,-0.75421,0.07533,2.63E-04,0.179957835
398,-0.60691,-0.3943,0.07735,3.02E-04,0.464872013
399,-0.60285,0.53541,0.08419,3.19E-04,0.459041145
400,-0.60285,-0.38267,0.08624,3.52E-04,0.095961727
401,-0.60285,-0.19138,0.07066,2.44E-04,0.082308129
402,-0.60285,-0.35593,0.07533,2.75E-04,0.152956828
403,-0.59937,-0.0501,0.08158,3.28E-04,0.112873737
404,-0.59937,-0.27569,0.07315,2.35E-04,0.02885158
405,-0.59531,-0.33325,0.07328,2.61E-04,0.08664639
406,-0.59531,-0.16057,0.08784,3.69E-04,0.109331737
407,-0.59531,-0.37919,0.0922,3.99E-04,0.116583228
408,-0.59531,-0.61234,0.09497,4.29E-04,0.059321172
409,-0.59531,-0.73095,0.09774,4.60E-04,0.113683662
410,-0.59531,-0.50884,0.04913,1.20E-04,0.62361151
411,-0.59531,0.73833,0.06063,1.80E-04,0.610224284
412,-0.59125,-0.4821,0.066,2.06E-04,0.55875594
413,-0.59125,0.63541,0.06805,2.33E-04,0.585500218
414,-0.59125,-0.53559,0.06906,2.47E-04,0.076800923
415,-0.58776,-0.68909,0.07343,2.47E-04,0.143134861
416,-0.58776,-0.40593,0.03135,4.20E-05,0.185518236
417,-0.58776,-0.77688,0.03936,6.33E-05,0.124460922
418,-0.58776,-0.52803,0.04534,9.75E-05,0.625632819
419,-0.58776,0.72321,0.05335,1.22E-04,0.017266607
420,-0.58776,0.6889,0.05727,1.40E-04,0.049735906
421,-0.58776,0.58948,0.06048,1.69E-04,0.329096796
422,-0.58776,-0.0687,0.05625,1.62E-04,0.037190912
423,-0.5837,-0.14138,0.04096,8.61E-05,0.130018503
424,-0.5837,0.11852,0.03252,5.34E-05,0.369214461
425,-0.5837,-0.6199,0.02889,3.63E-05,0.093639118
426,-0.5837,-0.43268,0.02422,3.35E-05,0.028579105
427,-0.5837,-0.48966,0.01971,9.37E-06,0.1282132
428,-0.5837,-0.23325,0.01681,1.50E-05,0.088098287
429,-0.5837,-0.40942,0.01375,1.50E-05,0.154952882
430,-0.5837,-0.71932,0.01186,1.93E-05,0.466895297
431,-0.58022,0.21446,0.00909,1.93E-05,0.402064466
432,-0.58022,-0.58966,0.0053,9.37E-06,0.298566496
433,-0.58022,0.00747,0.00341,7.88E-06,0.344513446
434,-0.58022,0.69646,0.01054,1.50E-05,0.696560508
435,-0.58022,-0.69665,0.01608,2.49E-05,0.369215926
436,-0.57616,0.04177,0.01709,2.79E-05,0.354090188
437,-0.57616,0.74995,0.01782,7.88E-06,0.208441045
438,-0.57616,0.33307,0.01914,9.37E-06,0.403837967
439,-0.57616,-0.47454,0.02946,4.48E-05,0.112803433
440,-0.57616,-0.70014,0.03122,6.18E-05,0.721272922
441,-0.57268,0.7424,0.0334,6.48E-05,0.510792292
442,-0.57268,-0.27918,0.03034,3.22E-05,0.002624238
443,-0.57268,-0.27569,0.02642,2.92E-05,0.084028749
444,-0.57268,-0.44372,0.02946,3.78E-05,0.106715626
445,-0.57268,-0.6542,0.06483,2.16E-04,0.056940532
446,-0.57268,-0.76526,0.09002,4.09E-04,0.126177537
447,-0.57268,-0.51291,0.08842,3.89E-04,0.60468953
448,-0.56862,0.69646,0.09075,4.01E-04,0.606430858
449,-0.56862,-0.5164,0.09279,4.10E-04,0.309906682
450,-0.56862,0.1034,0.08872,3.79E-04,0.174159936
451,-0.56456,0.45168,0.08536,3.42E-04,0.137844189
452,-0.56456,0.72728,0.07838,3.04E-04,0.042291139
453,-0.56108,0.64297,0.07256,2.51E-04,0.522415081
454,-0.56108,-0.40186,0.07198,2.33E-04,0.149175846
455,-0.56108,-0.70014,0.07852,2.80E-04,0.091939535
456,-0.56108,-0.5164,0.08567,3.29E-04,0.173854579
457,-0.56108,-0.16871,0.08202,3.36E-04,0.248566125
458,-0.56108,-0.66583,0.08551,3.56E-04,0.05349982
459,-0.56108,-0.55885,0.08756,3.63E-04,0.202930323
460,-0.55701,-0.15301,0.088,3.72E-04,0.415150165
461,-0.55701,0.67727,0.09381,4.26E-04,0.648587568
462,-0.55701,-0.6199,0.09746,4.47E-04,0.152917921
463,-0.55701,-0.31407,0.09935,4.73E-04,0.537828061
464,-0.55353,0.76158,0.09832,4.52E-04,0.658185215
465,-0.55353,-0.55478,0.09308,4.22E-04,0.172111801
466,-0.55353,-0.21057,0.09002,3.92E-04,0.47270746
467,-0.55353,0.73484,0.08697,3.55E-04,0.727177954
468,-0.55353,-0.71932,0.0631,1.91E-04,0.007862322
469,-0.55353,-0.73502,0.06222,1.93E-04,0.030527123
470,-0.55353,-0.79607,0.06294,1.81E-04,0.713707516
471,-0.55353,0.63134,0.06673,2.23E-04,0.575957349
472,-0.54947,-0.52047,0.05174,1.16E-04,0.101467517
473,-0.54947,-0.31755,0.05421,1.43E-04,0.212220436
474,-0.54947,0.10689,0.05335,1.43E-04,0.179711341
475,-0.54541,-0.25243,0.04578,2.64E-05,0.091109461
476,-0.54541,-0.07277,0.07621,2.13E-04,0.239309867
477,-0.54541,-0.55129,0.06644,2.92E-04,0.039091725
478,-0.53787,-0.62397,0.03863,1.44E-04,0.346285716
479,-0.53787,0.06852,0.02801,9.17E-05,0.268067649
480,-0.53787,0.6046,0.02031,4.76E-05,0.67738184
481,-0.53787,-0.75014,0.0123,1.93E-05,0.204021842
482,-0.53787,-0.3443,0.05465,1.60E-04,0.428545472
483,-0.53439,0.51273,0.06426,2.06E-04,0.466931966
484,-0.53439,-0.42105,0.05174,1.50E-04,0.486135119
485,-0.53439,0.5511,0.06703,2.38E-04,0.088231391
486,-0.53032,0.37493,0.07634,3.00E-04,0.053540728
487,-0.53032,0.26795,0.081,3.45E-04,0.54160913
488,-0.53032,-0.81526,0.08523,3.69E-04,0.025017854
489,-0.53032,-0.76526,0.08712,3.65E-04,0.763435123
490,-0.53032,0.76158,0.09673,4.63E-04,0.567306495
491,-0.52684,-0.37105,0.02977,5.47E-05,0.581435768
492,-0.52684,0.79182,0.03166,5.77E-05,0.612256587
493,-0.52684,-0.43268,0.02598,2.92E-05,0.149441952
494,-0.52684,-0.13382,0.0222,3.35E-05,0.051797276
495,-0.52278,-0.23732,0.02044,2.79E-05,0.413406566
496,-0.52278,0.58948,0.01578,1.35E-05,0.675627241
497,-0.52278,-0.76177,0.0123,1.65E-05,0.029938886
498,-0.52278,-0.73502,0.06587,2.17E-04,0.281418096
499,-0.51872,-0.1722,0.06455,2.27E-04,0.170424885
500,-0.51872,-0.51291,0.07431,2.87E-04,0.248885695
501,-0.51872,-0.01521,0.08274,3.36E-04,0.353805075
502,-0.51872,0.69239,0.08653,3.69E-04,0.686673703
503,-0.51872,-0.68095,0.08202,3.42E-04,0.426484447
504,-0.51524,0.17201,0.08377,3.49E-04,0.447701529
505,-0.51524,-0.72339,0.08611,3.62E-04,0.208745455
506,-0.51524,-0.30593,0.09119,4.10E-04,0.151186191
507,-0.51118,-0.60827,0.09295,4.23E-04,0.642771335
508,-0.51118,0.67727,0.09557,4.46E-04,0.042219877
509,-0.51118,0.74588,0.04635,8.33E-05,0.059863101
510,-0.51118,0.62727,0.06266,2.07E-04,0.014960365
511,-0.51118,0.64297,0.08813,4.05E-04,0.066933413
512,-0.5077,0.7767,0.09308,4.42E-04,0.478229655
513,-0.5077,-0.17975,0.0973,4.70E-04,0.170067226
514,-0.5077,0.16038,0.09904,4.97E-04,0.371541436
515,-0.5077,-0.58152,0.05713,1.84E-04,0.665743785
516,-0.5077,0.74995,0.06397,2.07E-04,0.323289735
517,-0.50364,0.1034,0.06862,2.47E-04,0.252650394
518,-0.50364,-0.40186,0.07504,2.95E-04,0.549161563
519,-0.50364,0.69646,0.07766,3.18E-04,0.038484803
520,-0.50364,0.77321,0.08347,3.59E-04,0.01163989
521,-0.50364,0.79589,0.08872,4.16E-04,0.028942225
522,-0.50364,0.73833,0.09484,4.56E-04,0.013487714
523,-0.50364,0.71158,0.09832,4.84E-04,0.600630473
524,-0.49957,-0.48966,0.09251,4.38E-04,0.14001338
525,-0.49957,-0.76933,0.07838,2.94E-04,0.048101923
526,-0.49957,-0.67339,0.07126,2.48E-04,0.74046198
527,-0.49957,0.80752,0.06483,1.86E-04,0.761685874
528,-0.49957,-0.71583,0.05669,1.54E-04,0.635229994
529,-0.49609,0.55459,0.04723,1.02E-04,0.315728457
530,-0.49609,-0.07684,0.0414,7.47E-05,0.413405741
531,-0.49609,0.74995,0.03544,5.06E-05,0.367471058
532,-0.49609,0.01502,0.03122,3.22E-05,0.028043645
533,-0.49609,-0.03847,0.04809,1.17E-04,0.031044829
534,-0.48855,0.02316,0.04796,1.29E-04,0.231727429
535,-0.48855,-0.44024,0.05509,2.26E-04,0.057867628
536,-0.48855,-0.55478,0.07168,3.25E-04,0.238970033
537,-0.48855,-0.07684,0.07154,1.16E-04,0.38840594
538,-0.48855,0.69995,0.06571,1.88E-04,0.022998725
539,-0.48855,0.74588,0.0682,2.06E-04,0.441896963
540,-0.48449,-0.13789,0.07328,2.28E-04,0.453522169
541,-0.48449,0.76914,0.07838,2.68E-04,0.638994961
542,-0.48101,-0.50884,0.08202,3.04E-04,0.493635649
543,-0.48101,0.47843,0.08362,3.48E-04,0.036417436
544,-0.47695,0.40575,0.08116,3.17E-04,0.107411233
545,-0.47695,0.61971,0.06193,1.84E-04,0.077473354
546,-0.47695,0.4668,0.03689,7.19E-05,0.415145771
547,-0.47695,-0.36349,0.03529,7.32E-05,0.124440595
548,-0.47695,-0.61234,0.03923,9.04E-05,0.187632358
549,-0.47695,-0.23732,0.02568,2.79E-05,0.484054609
550,-0.47695,0.73077,0.01958,3.63E-05,0.776799614
551,-0.47288,-0.82282,0.02306,4.34E-05,0.009629383
552,-0.47288,-0.842,0.02132,3.50E-05,0.101475407
553,-0.47288,-0.63909,0.01725,2.36E-05,0.202958948
554,-0.4694,-0.23325,0.0101,2.21E-05,0.447793156
555,-0.4694,0.66216,0.02787,5.62E-05,0.038265277
556,-0.4694,0.73833,0.03529,7.90E-05,0.023065944
557,-0.46534,0.78426,0.03674,8.61E-05,0.744239641
558,-0.46186,-0.70421,0.04068,9.32E-05,0.4668991
559,-0.46186,0.22957,0.04651,1.02E-04,0.472701436
560,-0.46186,-0.71583,0.04884,1.30E-04,0.755860882
561,-0.46186,0.79589,0.05115,1.43E-04,0.076465064
562,-0.46186,0.64297,0.05291,1.51E-04,0.480269584
563,-0.4578,-0.31755,0.05742,1.64E-04,0.461079828
564,-0.4578,0.6046,0.06164,1.91E-04,0.042294244
565,-0.4578,0.6889,0.06862,2.35E-04,0.05354572
566,-0.4578,0.79589,0.07328,2.65E-04,0.510791163
567,-0.4578,-0.22569,0.07546,2.78E-04,0.504975642
568,-0.4578,0.78426,0.07707,2.87E-04,0.684930827
569,-0.45374,-0.58559,0.081,3.25E-04,0.631434318
570,-0.45374,0.67727,0.08567,3.61E-04,0.025165203
571,-0.45374,0.72728,0.09134,3.88E-04,0.271848328
572,-0.4462,0.18364,0.09352,4.09E-04,0.149140114
573,-0.4462,-0.11463,0.09599,4.33E-04,0.313976641
574,-0.4462,-0.74258,0.09396,3.95E-04,0.011521161
575,-0.4462,-0.76526,0.08989,3.59E-04,0.139559985
576,-0.4462,-0.48617,0.0858,3.25E-04,0.059324733
577,-0.4462,-0.36756,0.08274,3.08E-04,0.354100561
578,-0.44271,0.34063,0.08085,2.82E-04,0.026883938
579,-0.43865,0.28713,0.07735,2.52E-04,0.396248821
580,-0.43865,-0.50536,0.07387,2.28E-04,0.64481493
581,-0.43517,0.78426,0.07022,1.99E-04,0.696268692
582,-0.43111,-0.60827,0.0682,1.90E-04,0.709638615
583,-0.43111,0.811,0.06367,1.67E-04,0.750045687
584,-0.43111,-0.68909,0.06164,1.54E-04,0.767495383
585,-0.42705,0.84589,0.05757,1.25E-04,0.662251448
586,-0.42705,-0.47861,0.0548,1.20E-04,0.589281986
587,-0.42705,0.69995,0.05174,1.05E-04,0.089891567
588,-0.42357,0.52029,0.04607,8.46E-05,0.350024758
589,-0.42357,-0.17975,0.04242,6.05E-05,0.06315389
590,-0.42357,-0.30593,0.03674,3.78E-05,0.430263241
591,-0.42357,0.55459,0.0334,3.07E-05,0.061435835
592,-0.41951,0.67727,0.02787,1.35E-05,0.675330763
593,-0.41951,-0.67339,0.0299,4.63E-05,0.363438032
594,-0.41603,0.0534,0.04053,7.90E-05,0.405561023
595,-0.41603,-0.7577,0.04651,1.19E-04,0.753831792
596,-0.41603,0.74995,0.05291,1.51E-04,0.585505332
597,-0.41196,-0.42105,0.05581,1.69E-04,0.386662051
598,-0.41196,0.35226,0.06048,1.97E-04,0.22417562
599,-0.41196,-0.09603,0.06789,2.41E-04,0.455572128
600,-0.4079,0.81507,0.0759,2.88E-04,0.013558842
601,-0.4079,0.78833,0.08041,3.21E-04,0.143632861
602,-0.4079,0.5011,0.08494,3.51E-04,0.175930741
603,-0.40442,0.14934,0.09264,4.16E-04,0.097707895
604,-0.40442,-0.04603,0.09687,4.55E-04,0.394747638
605,-0.40442,-0.83445,0.05568,1.77E-04,0.730911366
606,-0.40442,0.62727,0.03835,7.32E-05,0.039085424
607,-0.40036,0.70402,0.05262,1.22E-04,0.788429016
608,-0.39688,-0.87282,0.05931,1.56E-04,0.302345
609,-0.39688,-0.26813,0.05931,1.56E-04,0.357880036
610,-0.39282,0.44761,0.06281,1.74E-04,0.128216944
611,-0.39282,0.70402,0.06631,2.01E-04,0.010025132
612,-0.39282,0.72321,0.07212,2.31E-04,0.051779463
613,-0.38934,0.61971,0.07242,2.61E-04,0.01349759
614,-0.38934,0.64646,0.07605,2.80E-04,0.200958144
615,-0.38527,0.24469,0.066,2.37E-04,0.160778006
616,-0.38527,0.56622,0.07009,2.45E-04,0.648585034
617,-0.38527,-0.73095,0.07051,2.67E-04,0.719526507
618,-0.38527,0.70809,0.07663,3.12E-04,0.013822062
619,-0.38121,0.73484,0.0823,3.63E-04,0.637254212
620,-0.37773,-0.53966,0.08536,3.82E-04,0.089861491
621,-0.37367,-0.36,0.08784,4.02E-04,0.139552585
622,-0.37367,-0.63909,0.09075,4.13E-04,0.246824318
623,-0.37367,-0.14545,0.09367,4.27E-04,0.413401437
624,-0.37367,0.68135,0.09585,4.39E-04,0.58754076
625,-0.37367,-0.49373,0.09774,4.64E-04,0.401367612
626,-0.37019,0.30632,0.03223,5.62E-05,0.223868015
627,-0.37019,0.75402,0.02655,3.22E-05,0.002306176
628,-0.37019,0.74995,0.02438,3.22E-05,0.034384922
629,-0.36613,0.81856,0.02204,2.64E-05,0.070688342
630,-0.36613,0.67727,0.01709,1.65E-05,0.73463824
631,-0.36207,-0.792,0.01549,2.21E-05,0.438880237
632,-0.36207,0.08422,0.06747,2.27E-04,0.352066018
633,-0.35859,-0.6199,0.06527,2.18E-04,0.721270572
634,-0.35859,0.82263,0.0596,1.83E-04,0.221852982
635,-0.35452,0.379,0.05247,1.22E-04,0.218325048
636,-0.35452,-0.05765,0.05218,1.44E-04,0.380846156
637,-0.35452,0.70402,0.04635,1.17E-04,0.721267233
638,-0.35104,-0.73851,0.04547,1.13E-04,0.682891863
639,-0.35104,0.62727,0.04228,9.90E-05,0.613993406
640,-0.35104,-0.60071,0.03819,8.46E-05,0.612245729
641,-0.35104,0.62378,0.0363,8.76E-05,0.063139177
642,-0.35104,0.49761,0.03107,6.18E-05,0.151184761
643,-0.34698,0.19527,0.0299,6.18E-05,0.319499738
644,-0.34698,-0.44372,0.02642,4.48E-05,0.168326954
645,-0.34698,-0.10708,0.02336,3.63E-05,0.353822262
646,-0.34698,0.60053,0.01637,2.21E-05,0.01892361
647,-0.34698,0.56273,0.01448,2.64E-05,0.654400908
648,-0.34698,-0.74607,0.0123,2.64E-05,0.711672523
649,-0.34698,0.67727,0.00851,4.91E-05,0.403809633
650,-0.3435,-0.13033,0.01287,5.90E-05,0.275607454
651,-0.3435,0.42086,0.01811,5.62E-05,0.056082813
652,-0.3435,0.53192,0.0024,4.63E-05,0.154952443
653,-0.3435,0.84182,0.00414,3.22E-05,0.736687936
654,-0.33538,-0.63153,0.00735,2.36E-05,0.145371456
655,-0.33538,-0.34081,0.0037,2.08E-05,0.480260675
656,-0.33538,0.61971,0.00209,1.65E-05,0.300317621
657,-0.3319,0.01909,0.00458,1.65E-05,0.122410565
658,-0.32783,-0.22569,0.00647,1.65E-05,0.053803944
659,-0.32783,-0.33325,0.00968,1.65E-05,0.482299293
660,-0.32783,0.63134,0.01375,3.07E-05,0.057306144
661,-0.32783,0.74588,0.01782,3.50E-05,0.038418372
662,-0.32783,0.82263,0.02147,2.08E-05,0.072706423
663,-0.32783,0.67727,0.02539,2.36E-05,0.02882175
664,-0.32783,0.73484,0.02248,9.37E-06,0.091928068
665,-0.32435,0.5511,0.02801,1.35E-05,0.526195005
666,-0.32435,-0.50129,0.02816,2.08E-05,0.681150098
667,-0.32435,0.86101,0.02743,4.63E-05,0.050378368
668,-0.31623,0.76158,0.04156,1.07E-04,0.141597783
669,-0.31623,0.47843,0.04664,1.03E-04,0.097685124
670,-0.31623,0.28306,0.04695,1.34E-04,0.579694651
671,-0.31623,-0.87631,0.05364,1.53E-04,0.838139277
672,-0.31275,0.79996,0.05771,1.77E-04,0.055296869
673,-0.31275,0.91043,0.06294,2.08E-04,0.120433995
674,-0.30869,0.66972,0.07066,2.60E-04,0.088087398
675,-0.30869,0.84589,0.06936,2.50E-04,0.042180104
676,-0.30869,0.76158,0.07227,2.71E-04,0.074493766
677,-0.30869,0.91043,0.07867,3.17E-04,0.173856733
678,-0.30869,0.56273,0.08173,3.51E-04,0.495674989
679,-0.30521,-0.42861,0.0845,3.68E-04,0.587246156
680,-0.30521,0.74588,0.08683,3.83E-04,0.074750521
681,-0.30115,0.89531,0.08901,4.03E-04,0.602658943
682,-0.30115,-0.31,0.09337,4.42E-04,0.147405545
683,-0.29766,-0.60478,0.09585,4.63E-04,0.510785255
684,-0.29766,0.41679,0.09687,4.90E-04,0.145674931
685,-0.29766,0.70809,0.09148,4.83E-04,0.069096827
686,-0.2936,0.84589,0.08188,4.32E-04,0.02128642
687,-0.2936,0.80345,0.07852,3.73E-04,0.015052404
688,-0.2936,0.83019,0.09235,3.19E-04,0.036352288
689,-0.2936,0.90287,0.09046,3.46E-04,0.394221676
690,-0.28954,0.11445,0.08595,3.49E-04,0.35409865
691,-0.28954,0.82263,0.0909,3.86E-04,0.627655617
692,-0.28954,-0.43268,0.08914,3.85E-04,0.663996282
693,-0.28954,0.89531,0.08653,3.72E-04,0.606432656
694,-0.28606,-0.31755,0.08741,3.78E-04,0.063212009
695,-0.28606,-0.19138,0.0794,3.19E-04,0.547126086
696,-0.28606,0.90287,0.07722,2.85E-04,0.474457058
697,-0.282,-0.04603,0.07401,2.68E-04,0.422998007
698,-0.282,0.79996,0.07082,2.47E-04,0.29479827
699,-0.27852,0.21039,0.06644,2.21E-04,0.063097088
700,-0.27852,0.33656,0.06397,2.04E-04,0.260195359
701,-0.27852,0.85694,0.06063,1.86E-04,0.750054168
702,-0.27446,-0.64316,0.05771,1.66E-04,0.076495917
703,-0.27039,-0.79607,0.0548,1.51E-04,0.795981752
704,-0.27039,0.79589,0.05146,1.32E-04,0.065120049
705,-0.27039,0.92613,0.0513,1.33E-04,0.688998295
706,-0.26691,-0.45186,0.04884,1.20E-04,0.5320072
707,-0.26691,0.61215,0.04578,1.12E-04,0.128214719
708,-0.26691,0.86857,0.04358,1.02E-04,0.897448301
709,-0.26691,-0.92631,0.0513,1.33E-04,0.794238071
710,-0.26285,0.66216,0.04956,1.07E-04,0.317764639
711,-0.26285,0.02665,0.04461,9.47E-05,0.332877171
712,-0.26285,0.69239,0.04024,7.62E-05,0.011428005
713,-0.26285,0.66972,0.03733,6.18E-05,0.076500038
714,-0.25937,0.82263,0.0334,5.62E-05,0.650620015
715,-0.25937,-0.47861,0.03368,7.47E-05,0.110782517
716,-0.25937,-0.70014,0.03762,8.61E-05,0.751797037
717,-0.25937,0.80345,0.04112,9.75E-05,0.051822606
718,-0.25937,0.90694,0.04679,1.29E-04,0.139858887
719,-0.25531,0.62727,0.04999,1.37E-04,0.088136164
720,-0.25183,0.80345,0.05451,1.57E-04,0.034383701
721,-0.25183,0.73484,0.05916,1.86E-04,0.030869647
722,-0.25183,0.6732,0.06266,2.13E-04,0.028792452
723,-0.25183,0.73077,0.06397,2.24E-04,0.048032313
724,-0.24777,0.8267,0.06703,2.35E-04,0.478521752
725,-0.24371,-0.13033,0.07009,2.63E-04,0.411361085
726,-0.24371,0.69239,0.07198,2.74E-04,0.105324379
727,-0.24371,0.90287,0.08041,3.35E-04,0.012494318
728,-0.24371,0.88019,0.0909,4.32E-04,0.024838255
729,-0.24022,0.92962,0.0944,4.56E-04,0.172115377
730,-0.24022,0.58541,0.09818,4.69E-04,0.082270002
731,-0.24022,0.74995,0.09818,4.29E-04,0.091894761
732,-0.23616,0.93369,0.09687,3.95E-04,0.872440976
733,-0.23616,-0.81119,0.09948,4.25E-04,0.87447568
734,-0.23616,0.93776,0.0973,3.55E-04,0.910821957
735,-0.23616,-0.88387,0.09018,3.32E-04,0.836100388
736,-0.23616,0.78833,0.08857,3.51E-04,0.164558834
737,-0.23268,0.45924,0.09104,3.76E-04,0.451480848
738,-0.23268,-0.44372,0.09279,3.83E-04,0.290724711
739,-0.22862,0.13771,0.09526,4.05E-04,0.285192696
740,-0.22862,0.70809,0.09774,4.18E-04,0.101497763
741,-0.22862,0.91043,0.08144,2.85E-04,0.187526335
742,-0.22862,0.53541,0.07649,2.35E-04,0.547140015
743,-0.22456,-0.55885,0.07126,2.03E-04,0.084338439
744,-0.22456,-0.39023,0.06688,1.79E-04,0.665740155
745,-0.22456,0.94124,0.06164,1.87E-04,0.010708213
746,-0.22108,0.92206,0.07051,2.47E-04,0.074594456
747,-0.22108,0.77321,0.08056,3.26E-04,0.059701541
748,-0.22108,0.65402,0.08769,3.79E-04,0.116882892
749,-0.22108,0.88775,0.09178,4.10E-04,0.016281904
750,-0.22108,0.90287,0.06294,2.06E-04,0.013628241
751,-0.22108,0.87612,0.05771,1.86E-04,0.078500933
752,-0.22108,0.71914,0.05509,1.49E-04,0.086386697
753,-0.22108,0.89182,0.04941,1.16E-04,0.078555246
754,-0.21702,0.73484,0.05436,1.33E-04,0.111077265
755,-0.21354,0.51273,0.05713,1.47E-04,0.059345055
756,-0.21354,0.39412,0.06149,1.73E-04,0.243037446
757,-0.21354,0.88019,0.06367,2.24E-04,0.597133997
758,-0.20947,-0.31407,0.06208,2.07E-04,0.27570602
759,-0.20947,0.23713,0.04679,9.32E-05,0.269809555
760,-0.20947,0.7767,0.03951,8.76E-05,0.061349686
761,-0.20947,0.89938,0.03733,5.62E-05,0.157000205
762,-0.20947,0.58541,0.03296,4.34E-05,0.311947883
763,-0.20599,-0.03847,0.03021,6.33E-05,0.428515904
764,-0.20599,-0.8955,0.02845,3.63E-05,0.112834179
765,-0.20193,-0.6699,0.02466,1.35E-05,0.218325111
766,-0.20193,-0.23325,0.02422,4.48E-05,0.260569923
767,-0.20193,-0.75421,0.03791,8.18E-05,0.73668228
768,-0.20193,0.71914,0.04446,8.46E-05,0.007871803
769,-0.20193,0.73484,0.04563,1.32E-04,0.093662481
770,-0.20193,0.92206,0.0519,1.34E-04,0.428524954
771,-0.19787,0.06503,0.0561,1.50E-04,0.470671117
772,-0.19787,-0.87631,0.05815,1.91E-04,0.591319182
773,-0.19439,0.30632,0.06092,1.79E-04,0.397999125
774,-0.19439,-0.48966,0.05553,1.60E-04,0.686676819
775,-0.19439,0.88368,0.04941,1.09E-04,0.132041432
776,-0.19439,0.61971,0.04169,9.60E-05,0.122395544
777,-0.19439,0.8645,0.04242,8.46E-05,0.63900698
778,-0.19033,-0.41349,0.03573,5.34E-05,0.505270372
779,-0.19033,0.59704,0.03107,4.63E-05,0.175901733
780,-0.19033,0.9488,0.02554,4.34E-05,7.05E-05
781,-0.19033,0.9488,0.02568,2.64E-05,0.024890246
782,-0.19033,0.89938,0.03166,5.19E-05,0.493655639
783,-0.18278,-0.08789,0.03661,8.61E-05,0.510794978
784,-0.18278,0.93369,0.04112,8.46E-05,0.00404857
785,-0.18278,0.92613,0.04402,9.32E-05,0.118615018
786,-0.18278,0.6889,0.04389,1.14E-04,0.103272256
787,-0.17872,0.89531,0.05014,1.43E-04,0.124439354
788,-0.17872,0.64646,0.05392,1.46E-04,0.049769806
789,-0.17872,0.54703,0.05859,1.73E-04,0.193341514
790,-0.17872,0.93369,0.06281,2.03E-04,0.529985818
791,-0.17524,-0.12626,0.06862,2.40E-04,0.185502776
792,-0.17524,0.24469,0.07504,2.74E-04,0.304391743
793,-0.17118,0.85345,0.07852,2.95E-04,0.040172087
794,-0.17118,0.77321,0.08261,3.22E-04,0.786678871
795,-0.1677,-0.80014,0.08611,3.51E-04,0.080263814
796,-0.1677,-0.96062,0.09002,3.81E-04,0.950931475
797,-0.1677,0.94124,0.09337,4.15E-04,0.017218125
798,-0.1677,0.90694,0.09643,4.56E-04,0.759664522
799,-0.16016,-0.61234,0.08683,3.48E-04,0.625627145
800,-0.16016,0.6389,0.08085,3.12E-04,0.06519863
801,-0.1561,0.76914,0.0759,2.72E-04,0.051822881
802,-0.1561,0.66565,0.07022,2.35E-04,0.112928229
803,-0.1561,0.44005,0.05946,1.88E-04,0.107296784
804,-0.15203,0.2255,0.06092,1.99E-04,0.112829863
805,-0.15203,-9.22E-05,0.06644,2.30E-04,0.373009363
806,-0.14855,0.74588,0.07401,2.71E-04,0.292753277
807,-0.14855,0.16038,0.07678,2.98E-04,0.055270122
808,-0.14855,0.04991,0.08072,3.28E-04,0.474747511
809,-0.14449,-0.89957,0.08419,3.63E-04,0.336944545
810,-0.14449,-0.22569,0.08769,3.95E-04,0.086057531
811,-0.14449,-0.05358,0.08901,4.02E-04,0.39973518
812,-0.14449,0.74588,0.09308,4.39E-04,0.08227655
813,-0.14449,0.91043,0.09409,4.49E-04,0.021261018
814,-0.14449,0.95287,0.09673,4.69E-04,0.053490053
815,-0.14449,0.84589,0.09658,4.69E-04,0.773017011
816,-0.14101,-0.70014,0.09715,4.93E-04,0.650335595
817,-0.14101,0.60053,0.09891,5.00E-04,0.17617055
818,-0.14101,0.95287,0.09979,5.28E-04,0.644808534
819,-0.13695,-0.33674,0.09847,4.87E-04,0.095675108
820,-0.13695,-0.52803,0.09367,4.50E-04,0.315725913
821,-0.13695,0.1034,0.08842,4.15E-04,0.409352483
822,-0.13695,0.92206,0.07984,3.25E-04,0.288985599
823,-0.13695,0.34411,0.07489,3.00E-04,0.195366115
824,-0.13695,0.73484,0.07357,2.80E-04,0.784650659
825,-0.13695,-0.83445,0.06761,2.37E-04,0.666035016
826,-0.13289,0.49761,0.06441,1.90E-04,0.214280862
827,-0.13289,0.92613,0.05843,1.70E-04,0.013546256
828,-0.12941,0.95287,0.06105,2.13E-04,0.137807734
829,-0.12941,0.67727,0.06397,2.24E-04,0.807321132
830,-0.12534,-0.93736,0.06877,2.48E-04,0.87999715
831,-0.12186,0.82263,0.07051,2.67E-04,0.486075352
832,-0.12186,-0.14952,0.07168,2.71E-04,0.229666393
833,-0.12186,0.30981,0.07328,2.80E-04,0.233454559
834,-0.1178,0.7767,0.07445,2.91E-04,0.778826791
835,-0.1178,-0.78095,0.07779,3.14E-04,0.721555237
836,-0.1178,0.66216,0.07896,3.31E-04,0.084041092
837,-0.11432,0.83019,0.08129,3.45E-04,0.023031588
838,-0.11432,0.87612,0.08479,3.81E-04,0.01339464
839,-0.11432,0.90287,0.08624,4.03E-04,0.152940153
840,-0.11026,0.59704,0.09002,4.20E-04,0.172100756
841,-0.11026,0.94124,0.09104,4.25E-04,0.003991998
842,-0.1062,0.94531,0.09658,4.89E-04,0.894024345
843,-0.1062,-0.842,0.04519,1.03E-04,0.853251795
844,-0.1062,0.8645,0.04869,1.26E-04,0.105255651
845,-0.1062,0.65402,0.05232,1.54E-04,0.034702939
846,-0.10272,0.72321,0.05654,1.84E-04,0.174156538
847,-0.10272,0.37493,0.05174,1.83E-04,0.400025162
848,-0.10272,-0.42512,0.05102,1.54E-04,0.149203179
849,-0.10272,-0.72339,0.042,1.25E-04,0.034715828
850,-0.10272,-0.792,0.03135,1.07E-04,0.380554438
851,-0.09866,-0.03091,0.03485,1.14E-04,0.310210094
852,-0.09866,0.58948,0.02873,5.06E-05,0.428806411
853,-0.09866,-0.26813,0.03093,5.34E-05,0.227937631
854,-0.09866,0.18771,0.02526,3.35E-05,0.319496644
855,-0.09866,0.8267,0.02321,1.50E-05,0.051494696
856,-0.09866,0.92962,0.01943,1.35E-05,0.026950342
857,-0.09866,0.87612,0.01287,2.21E-05,0.045994055
858,-0.09866,0.96799,0.00821,2.21E-05,0.107000395
859,-0.09866,0.75402,0.00458,1.78E-05,0.076464185
860,-0.09866,0.90694,0.00618,2.49E-05,0.099432732
861,-0.09866,0.70809,0.0037,2.49E-05,0.109044699
862,-0.09517,0.92613,6.40E-04,3.22E-05,0.90500184
863,-0.09517,-0.88387,0.00429,1.65E-05,0.055572775
864,-0.09517,-0.77281,0.00865,2.08E-05,0.818661693
865,-0.09111,0.8645,0.01388,2.79E-05,0.883775594
866,-0.09111,-0.90305,0.01593,2.08E-05,0.897435422
867,-0.09111,0.89182,0.01767,2.28E-06,0.417185661
868,-0.08705,0.05747,0.02204,2.21E-05,0.434334134
869,-0.08705,0.92613,0.02583,9.37E-06,0.021280075
870,-0.08705,0.88368,0.02889,2.64E-05,0.914590488
871,-0.08705,-0.9455,0.03078,2.92E-05,0.80179691
872,-0.08705,0.65809,0.03428,4.48E-05,0.13404551
873,-0.08705,0.92613,0.03951,5.77E-05,0.773018199
874,-0.08357,-0.6199,0.04228,7.19E-05,0.642783369
875,-0.08357,0.66565,0.04884,1.03E-04,0.570095071
876,-0.08357,-0.47454,0.04941,8.18E-05,0.629407808
877,-0.08357,0.78426,0.04314,5.34E-05,0.443968015
878,-0.08357,-0.10359,0.03078,1.07E-05,0.271927488
879,-0.08357,0.44005,0.04607,4.91E-05,0.597143244
880,-0.07951,-0.75421,0.05291,7.04E-05,0.095985884
881,-0.07951,-0.56234,0.05916,9.47E-05,0.667781018
882,-0.07951,0.77321,0.06483,1.33E-04,0.009795191
883,-0.07951,0.75402,0.06877,1.91E-04,0.064048044
884,-0.07951,0.88019,0.04664,2.34E-04,0.908805333
885,-0.07951,-0.93736,0.06149,3.26E-04,0.931756857
886,-0.07603,0.92613,0.05276,8.33E-05,0.851505052
887,-0.07603,-0.77688,0.05335,1.37E-04,0.455273794
888,-0.07197,0.13364,0.05916,1.73E-04,0.137842434
889,-0.07197,0.40924,0.066,1.91E-04,0.260201162
890,-0.07197,0.92962,0.07082,2.31E-04,0.013816755
891,-0.07197,0.95636,0.07779,2.80E-04,0.319504531
892,-0.06849,0.31737,0.08129,3.12E-04,0.121300689
893,-0.06849,0.55866,0.0561,1.43E-04,0.107294398
894,-0.06442,0.77321,0.05581,1.32E-04,0.872760406
895,-0.06442,-0.97225,0.07038,2.11E-04,0.769235421
896,-0.06442,0.56622,0.06877,2.06E-04,0.197151682
897,-0.06442,0.96043,0.07735,2.52E-04,0.361660715
898,-0.06036,0.23713,0.08116,2.84E-04,0.550915407
899,-0.05688,-0.86468,0.08697,3.11E-04,0.776790086
900,-0.05688,0.6889,0.08624,3.34E-04,0.103246526
901,-0.05282,0.89531,0.09046,3.59E-04,0.025034304
902,-0.05282,0.94531,0.09308,3.93E-04,0.030840142
903,-0.05282,0.88368,0.09557,4.16E-04,0.589286083
904,-0.04934,-0.29488,0.09964,4.42E-04,0.091892678
905,-0.04934,-0.47861,0.09513,3.78E-04,0.152194027
906,-0.04934,-0.78095,0.05988,1.57E-04,0.721569504
907,-0.04934,0.66216,0.05073,1.23E-04,0.139661738
908,-0.04934,0.94124,0.03907,7.47E-05,0.927965779
909,-0.04934,-0.91468,0.03252,4.06E-05,0.131991551
910,-0.04934,-0.65071,0.03515,6.76E-05,0.047777454
911,-0.04934,-0.74607,0.04125,9.60E-05,0.623590181
912,-0.04528,0.5011,0.04431,1.05E-04,0.443922902
913,-0.04528,-0.38674,0.04752,1.25E-04,0.147400389
914,-0.04528,-0.09196,0.05102,1.39E-04,0.505265884
915,-0.04528,0.91857,0.04913,1.06E-04,0.008129928
916,-0.04528,0.90287,0.0449,1.03E-04,0.004991204
917,-0.04122,0.89531,0.0398,6.76E-05,0.518354559
918,-0.03773,-0.14138,0.03456,4.20E-05,0.497417113
919,-0.03773,0.85345,0.03166,3.78E-05,0.055528923
920,-0.03773,0.9645,0.03034,2.79E-05,0.006029784
921,-0.03773,0.95287,0.02715,4.20E-05,0.047984704
922,-0.03773,0.85694,0.0299,4.63E-05,0.541321635
923,-0.03367,-0.22569,0.0334,6.61E-05,0.233470051
924,-0.03367,-0.69258,0.04024,9.04E-05,0.700336098
925,-0.03367,0.70809,0.04272,1.16E-04,0.809352035
926,-0.03367,-0.91061,0.04635,1.19E-04,0.933491637
927,-0.03019,0.95636,0.05247,1.39E-04,0.900927154
928,-0.03019,-0.84549,0.05641,1.79E-04,0.79975883
929,-0.03019,0.75402,0.06136,2.01E-04,0.116586489
930,-0.03019,0.98718,0.06382,2.21E-04,0.076462849
931,-0.03019,0.83426,0.06514,2.28E-04,0.044016475
932,-0.03019,0.92206,0.07154,2.41E-04,0.008857552
933,-0.02613,0.90694,0.06325,1.88E-04,0.00219007
934,-0.02613,0.90694,0.05887,1.53E-04,0.026908343
935,-0.02265,0.85345,0.05408,1.19E-04,0.126500507
936,-0.01859,0.60053,0.04913,9.75E-05,0.158748173
937,-0.01859,0.28306,0.04504,7.19E-05,0.176209565
938,-0.01859,0.63541,0.03806,4.06E-05,0.082316706
939,-0.01859,0.79996,0.03282,2.08E-05,0.815171731
940,-0.01859,-0.83038,0.02946,2.08E-05,0.022006309
941,-0.01859,-0.87282,0.04112,5.77E-05,0.910816977
942,-0.01859,0.9488,0.04825,7.90E-05,0.015465736
943,-0.01859,0.91857,0.0548,1.03E-04,0.851514069
944,-0.01859,-0.78444,0.06266,1.34E-04,0.059438208
945,-0.01453,-0.66583,0.0695,1.64E-04,0.359626815
946,-0.01453,0.0534,0.07533,2.10E-04,0.338698111
947,-0.01453,0.73077,0.08129,2.57E-04,0.725055275
948,-0.01453,-0.71932,0.08901,3.08E-04,0.042242953
949,-0.01453,-0.6356,0.07766,2.21E-04,0.023014795
950,-0.01453,-0.68095,0.06978,1.42E-04,0.046396107
951,-0.01105,-0.77281,0.05713,9.04E-05,0.839889587
952,-0.01105,0.90694,0.04723,5.62E-05,0.822732424
953,-0.01105,-0.73851,0.04024,1.78E-05,0.755862908
954,-0.00698,0.77321,0.04125,4.34E-05,0.398079695
955,-0.00698,-0.02277,0.05815,9.17E-05,0.497431733
956,-0.00698,0.97206,0.06631,1.30E-04,0.744243666
957,-0.00698,-0.5164,0.07533,1.83E-04,0.617775879
958,-0.00698,0.71914,0.08072,2.34E-04,0.114905852
959,-0.0035,0.48947,0.088,2.68E-04,0.602656669
960,-0.0035,-0.71583,0.09367,3.29E-04,0.568349091
961,5.58E-04,0.42086,0.09513,3.76E-04,0.143734251
962,5.58E-04,0.13364,0.08318,2.85E-04,0.370956025
963,5.58E-04,-0.60827,0.08144,4.05E-04,0.476196554
964,0.00462,0.34411,0.08435,4.16E-04,0.306127804
965,0.00462,0.95636,0.08697,4.56E-04,0.066916116
966,0.00462,0.82263,0.0922,4.82E-04,0.878253933
967,0.0081,-0.93387,0.09614,5.03E-04,0.19333158
968,0.0081,-0.54722,0.09295,4.86E-04,0.074830734
969,0.0081,-0.69665,0.08463,3.99E-04,0.786408158
970,0.0081,0.87612,0.07256,3.05E-04,0.036419169
971,0.0081,0.9488,0.06776,2.71E-04,0.185495789
972,0.01216,0.57785,0.06397,2.43E-04,0.344546479
973,0.01564,-0.11115,0.0532,1.93E-04,0.352055757
974,0.01564,-0.81526,0.05174,1.71E-04,0.864880889
975,0.01564,0.9145,0.04926,1.66E-04,0.003204213
976,0.01564,0.91857,0.04431,1.43E-04,0.007713269
977,0.01564,0.93369,0.04125,1.34E-04,0.053587275
978,0.0197,0.8267,0.03645,1.16E-04,0.750045427
979,0.0197,-0.67339,0.03485,1.07E-04,0.679112494
980,0.02319,0.68483,0.03368,8.18E-05,0.129973567
981,0.02319,0.42493,0.02873,7.04E-05,0.250610739
982,0.02319,0.92613,0.02409,6.91E-05,0.939601224
983,0.02319,-0.95306,0.01725,8.33E-05,0.355865578
984,0.02319,-0.24139,0.00792,6.61E-05,0.306127272
985,0.02319,-0.85363,0.01214,8.61E-05,0.880370928
986,0.02319,0.90694,0.03674,1.16E-04,0.057666315
987,0.02319,0.79182,0.04374,1.49E-04,0.284915598
988,0.02725,0.22201,0.04651,1.67E-04,0.191336652
989,0.03131,-0.16057,0.05392,2.67E-04,0.419000838
990,0.03131,0.67727,0.07038,3.68E-04,0.665749715
991,0.03479,-0.6542,0.07852,4.30E-04,0.132099098
992,0.03885,-0.39023,0.08872,4.73E-04,0.633177035
993,0.03885,0.87612,0.08551,4.06E-04,0.826514824
994,0.03885,-0.77688,0.07561,3.34E-04,0.545403287
995,0.04233,0.31388,0.06615,2.78E-04,0.204680887
996,0.04233,0.72321,0.06105,2.18E-04,0.005007204
997,0.04233,0.71914,0.0519,1.87E-04,0.113101046
998,0.04233,0.94531,0.04809,1.47E-04,0.059342169
999,0.04233,0.8267,0.04389,1.34E-04,0.070652436
1000,0.04233,0.96799,0.04184,1.20E-04,0.487857291
1001,0.04639,-0.00765,0.0532,1.79E-04,0.275616112
1002,0.04639,0.54355,0.05916,2.35E-04,0.436379645
1003,0.04639,-0.32918,0.06631,2.74E-04,0.273573647
1004,0.04639,-0.87631,0.07066,3.09E-04,0.905004695
1005,0.04639,0.93369,0.07649,3.48E-04,0.598882192
1006,0.05046,-0.26406,0.08072,3.81E-04,0.095689109
1007,0.05046,-0.45535,0.08653,4.23E-04,0.667770479
1008,0.05046,0.88019,0.08813,4.45E-04,0.130274089
1009,0.05046,0.61971,0.09409,4.79E-04,0.091886584
1010,0.05394,0.80345,0.09381,5.11E-04,0.036393088
1011,0.05394,0.73077,0.09774,5.23E-04,0.107289235
1012,0.058,0.94531,0.09759,5.64E-04,0.488363088
1013,0.058,-0.03091,0.06615,3.19E-04,0.461409389
1014,0.058,0.89182,0.05335,2.44E-04,0.136395286
1015,0.06148,0.61971,0.03441,1.44E-04,0.031350884
1016,0.06148,0.68135,0.02292,1.00E-04,0.112809602
1017,0.06148,0.90694,0.02655,8.18E-05,0.910813548
1018,0.06554,-0.91468,0.02961,1.59E-04,0.874495096
1019,0.06554,0.83426,0.04286,2.07E-04,0.01512003
1020,0.06554,0.8645,0.04286,1.47E-04,0.843660805
1021,0.06554,-0.82282,0.04053,1.02E-04,0.878260331
1022,0.06554,0.93369,0.03441,5.47E-05,0.140054641
1023,0.06902,0.65402,0.0497,1.34E-04,0.024980756
1024,0.07308,0.6046,0.05581,1.12E-04,0.0593928
1025,0.07308,0.48598,0.06208,1.49E-04,0.560791059
1026,0.07308,-0.6356,0.06426,1.63E-04,0.761677758
1027,0.07714,0.88775,0.06483,1.76E-04,0.36168498
1028,0.07714,0.16445,0.07489,2.43E-04,0.038384862
1029,0.07714,0.0877,0.07663,2.60E-04,0.405547867
1030,0.07714,-0.72339,0.07968,2.82E-04,0.566322502
1031,0.07714,0.40924,0.08551,3.05E-04,0.275597462
1032,0.07714,0.96043,0.08318,3.09E-04,0.204697454
1033,0.08063,0.5511,0.08958,3.58E-04,0.650628192
1034,0.08063,-0.75014,0.08305,3.55E-04,0.073503181
1035,0.08469,-0.60478,0.06149,2.01E-04,0.011780073
1036,0.08469,-0.60827,0.03819,9.90E-05,0.774757673
1037,0.08469,0.94124,0.03412,7.04E-05,0.907032161
1038,0.08817,-0.87282,0.03601,7.19E-05,0.392475526
1039,0.09223,-0.08789,0.03194,2.79E-05,0.504986581
1040,0.09223,0.92206,0.0251,7.88E-06,0.122416686
1041,0.09629,0.67727,0.02292,1.35E-05,0.080253282
1042,0.09629,0.83775,0.02,2.64E-05,0.059455309
1043,0.09629,0.71914,0.02845,4.48E-05,0.751795396
1044,0.09977,-0.78444,0.03296,6.33E-05,0.047725046
1045,0.09977,-0.68909,0.03733,8.76E-05,0.666036055
1046,0.09977,0.64297,0.04301,1.02E-04,0.660232998
1047,0.09977,-0.67746,0.05276,1.29E-04,0.151177051
1048,0.09977,-0.37512,0.05568,1.54E-04,0.656507228
1049,0.09977,0.93776,0.03689,9.90E-05,0.22218274
1050,0.10383,0.49354,0.02627,3.92E-05,0.438105864
1051,0.10383,-0.38267,0.02801,5.47E-05,0.177938201
1052,0.10383,-0.73851,0.02292,4.06E-05,0.122401393
1053,0.10383,-0.49373,0.01958,3.07E-05,0.003801223
1054,0.10732,-0.4978,0.01419,3.92E-05,0.380842019
1055,0.10732,0.26388,0.01171,3.92E-05,0.252636061
1056,0.10732,0.76914,0.00821,2.92E-05,0.704117728
1057,0.10732,-0.63909,0.00429,3.07E-05,0.70033637
1058,0.10732,0.76158,0.00152,3.50E-05,0.208748981
1059,0.11138,0.34411,0.00414,3.35E-05,0.13403136
1060,0.11138,0.61215,0.00763,2.64E-05,0.078627878
1061,0.11486,0.76914,0.01608,2.08E-05,0.843951067
1062,0.11486,-0.91875,0.02248,4.06E-05,0.0651819
1063,0.11486,-0.78851,0.02816,5.34E-05,0.669814419
1064,0.11892,0.5511,0.03399,6.33E-05,0.198858982
1065,0.11892,0.9488,0.03777,8.61E-05,0.893366066
1066,0.11892,-0.83793,0.04053,9.90E-05,0.767199238
1067,0.11892,0.69646,0.04563,1.23E-04,0.788425389
1068,0.11892,-0.88038,0.05146,1.44E-04,0.820986003
1069,0.12298,0.76158,0.05625,1.67E-04,0.002117447
1070,0.12298,0.75751,0.05742,1.90E-04,0.445669246
1071,0.12646,-0.13382,0.05916,2.01E-04,0.510785085
1072,0.12646,0.88775,0.05975,2.06E-04,0.019186262
1073,0.12646,0.84938,0.06019,2.13E-04,0.417190275
1074,0.13052,0.01502,0.06441,2.26E-04,0.049724077
1075,0.13052,0.11445,0.06631,2.51E-04,0.246815682
1076,0.13052,0.60808,0.06747,2.60E-04,0.656145401
1077,0.13052,-0.70421,0.06892,2.75E-04,0.103200029
1078,0.13052,-0.91061,0.06877,3.11E-04,0.011475181
1079,0.13052,-0.92631,0.08551,2.72E-04,0.886339429
1080,0.13052,0.84589,0.04431,4.34E-05,0.708286836
1081,0.13052,-0.57048,0.06833,2.16E-04,0.729115613
1082,0.13052,0.88775,0.07022,2.48E-04,0.048002103
1083,0.134,0.79182,0.07168,2.77E-04,0.070954892
1084,0.134,0.93369,0.07504,2.87E-04,0.071003802
1085,0.134,0.79182,0.08129,3.08E-04,0.514580694
1086,0.13807,-0.23732,0.08653,3.39E-04,0.486091034
1087,0.13807,0.73484,0.09308,3.99E-04,0.77883281
1088,0.14213,-0.82282,0.09207,4.42E-04,0.828540386
1089,0.14213,0.83426,0.09367,4.42E-04,0.828541827
1090,0.14213,-0.82282,0.09715,4.63E-04,0.153389828
1091,0.14213,-0.5164,0.0823,3.25E-04,0.059982725
1092,0.14213,-0.6356,0.06877,2.33E-04,0.162855052
1093,0.14561,-0.31,0.06105,1.83E-04,0.266038231
1094,0.14561,-0.842,0.05203,1.53E-04,0.767202292
1095,0.14561,0.69239,0.04534,1.29E-04,0.786392767
1096,0.14561,-0.88038,0.03835,9.17E-05,0.801803262
1097,0.14561,0.72321,0.03107,6.91E-05,0.009985457
1098,0.14561,0.70402,0.02554,4.91E-05,0.581728022
1099,0.14561,-0.45942,0.01943,4.34E-05,0.189590912
1100,0.14967,-0.08033,0.01214,2.49E-05,0.30613885
1101,0.15315,0.53192,0.01681,3.50E-05,0.068955659
1102,0.15315,0.66972,0.01127,3.22E-05,0.706158061
1103,0.15721,-0.74258,0.01666,2.49E-05,0.813132208
1104,0.15721,0.88368,0.01287,9.37E-06,0.795990076
1105,0.15721,-0.70828,0.00486,1.78E-05,0.107275379
1106,0.15721,-0.49373,0.00429,7.82E-07,0.648592155
1107,0.15721,0.80345,9.46E-04,6.38E-06,0.020935001
1108,0.15721,0.76158,9.46E-04,1.65E-05,0.583759056
1109,0.16069,-0.40593,0.00356,2.79E-05,0.644811909
1110,0.16069,0.88368,0.00953,2.64E-05,0.005707267
1111,0.16069,0.87264,0.01243,2.64E-05,0.229675916
1112,0.16475,0.41331,0.01432,3.50E-05,0.214261512
1113,0.16475,-0.01521,0.01593,3.63E-05,0.329099307
1114,0.16475,-0.67339,0.02088,3.63E-05,0.770980031
1115,0.16475,0.86857,0.02044,3.78E-05,0.334912138
1116,0.16882,0.19876,0.02204,5.19E-05,0.382586789
1117,0.16882,-0.56641,0.02438,5.34E-05,0.7061586
1118,0.16882,0.84589,0.03135,6.76E-05,0.864897266
1119,0.16882,-0.88387,0.04228,1.00E-04,0.05734667
1120,0.1723,-0.76933,0.04708,1.13E-04,0.097826409
1121,0.17636,-0.96469,0.05698,1.57E-04,0.157032252
1122,0.17984,-0.65071,0.06338,2.07E-04,0.321556781
1123,0.17984,-0.00765,0.07168,2.41E-04,0.198850846
1124,0.17984,0.39005,0.07284,2.70E-04,0.252666425
1125,0.17984,0.89531,0.06426,1.91E-04,0.134051699
1126,0.17984,0.62727,0.07009,2.24E-04,0.434334112
1127,0.17984,-0.24139,0.07387,2.55E-04,0.254693101
1128,0.1839,0.26795,0.0794,3.00E-04,0.589284607
1129,0.1839,-0.91061,0.08406,3.44E-04,0.17967736
1130,0.18796,-0.55129,0.08697,3.78E-04,0.02851988
1131,0.18796,-0.60827,0.08958,4.19E-04,0.661962313
1132,0.18796,0.71565,0.09308,4.36E-04,0.132057167
1133,0.18796,0.45168,0.08435,3.48E-04,0.23571479
1134,0.18796,0.92206,0.05291,1.73E-04,0.386365675
1135,0.19144,0.14934,0.05524,1.97E-04,0.002456017
1136,0.19551,0.14934,0.05799,2.23E-04,0.32531838
1137,0.19551,0.79996,0.06266,2.57E-04,0.752085014
1138,0.19551,-0.70421,0.06237,2.88E-04,0.390505361
1139,0.19899,0.07666,0.04796,1.12E-04,0.221880479
1140,0.19899,0.52029,0.03718,5.62E-05,0.153002374
1141,0.19899,0.21446,0.02684,2.79E-05,0.564591047
1142,0.19899,-0.91468,0.01709,1.35E-05,0.799755051
1143,0.19899,0.68483,0.01652,1.65E-05,0.03842945
1144,0.19899,0.76158,0.01243,1.93E-05,0.47650049
1145,0.20305,-0.19138,0.00458,3.22E-05,0.504972303
1146,0.20305,0.81856,0.00763,3.22E-05,0.041867645
1147,0.20305,0.73484,0.00603,1.22E-05,0.79803812
1148,0.20653,-0.86119,0.01767,2.92E-05,0.593067
1149,0.21059,0.32493,0.02176,5.34E-05,0.501204311
1150,0.21059,-0.67746,0.02787,7.19E-05,0.022984642
1151,0.21059,-0.63153,0.02977,8.33E-05,0.755880229
1152,0.21059,0.88019,0.04083,7.32E-05,0.748323815
1153,0.21059,-0.61641,0.02889,2.08E-05,0.593354474
1154,0.21465,0.57029,0.02671,2.08E-05,0.639341706
1155,0.21465,-0.70828,0.04374,7.75E-05,0.553269948
1156,0.21813,0.39819,0.05568,1.54E-04,0.562562132
1157,0.21813,-0.72688,0.06673,1.83E-04,0.713418805
1158,0.21813,0.69995,0.07139,2.10E-04,0.830289819
1159,0.22219,-0.96062,0.07533,2.38E-04,0.914598739
1160,0.22219,0.86857,0.08056,2.88E-04,0.642779751
1161,0.22568,-0.41698,0.08406,3.36E-04,0.05178249
1162,0.22568,-0.52047,0.088,3.72E-04,0.019220939
1163,0.22568,-0.55885,0.09018,4.06E-04,0.380844325
1164,0.22568,0.20283,0.09381,4.47E-04,0.227640458
1165,0.22974,0.65809,0.09541,4.70E-04,0.729116924
1166,0.22974,-0.80014,0.09876,4.99E-04,0.229863069
1167,0.22974,-0.34081,0.07968,3.36E-04,0.400026471
1168,0.22974,0.45924,0.07751,3.41E-04,0.218036736
1169,0.22974,0.89531,0.07577,3.65E-04,0.870404617
1170,0.22974,-0.84549,0.08144,3.81E-04,0.185515164
1171,0.22974,-0.47454,0.07372,3.19E-04,0.652370133
1172,0.2338,0.83019,0.07051,2.87E-04,0.870470205
1173,0.2338,-0.91061,0.0484,1.56E-04,0.445702157
1174,0.2338,-0.01928,0.03689,1.17E-04,0.407597562
1175,0.2338,0.79589,0.03049,6.91E-05,0.002905062
1176,0.2338,0.79589,0.0363,1.07E-04,0.048244508
1177,0.23728,0.89182,0.04607,1.51E-04,0.122904497
1178,0.23728,0.64646,0.06092,2.47E-04,0.043219644
1179,0.24134,0.73077,0.07955,3.65E-04,0.024805981
1180,0.24134,0.68135,0.08391,3.93E-04,0.725342463
1181,0.24134,-0.76933,0.08769,4.43E-04,0.158735076
1182,0.24134,-0.45186,0.088,4.33E-04,0.179975432
1183,0.24482,-0.09196,0.09295,4.73E-04,0.057564584
1184,0.24482,0.02316,0.0944,3.82E-04,0.300619785
1185,0.24482,-0.57803,0.08668,3.05E-04,0.401850625
1186,0.24482,0.2255,0.07009,1.97E-04,0.258219247
1187,0.24888,-0.29081,0.05931,1.00E-04,0.239441262
1188,0.24888,-0.76933,0.04068,3.07E-05,0.698305201
1189,0.24888,0.62727,0.03529,7.88E-06,0.074903457
1190,0.24888,0.7767,0.04591,5.47E-05,0.034672757
1191,0.25237,0.84589,0.04897,7.62E-05,0.310263497
1192,0.25643,0.2255,0.06136,1.33E-04,0.1742122
1193,0.25643,0.57378,0.07139,1.93E-04,0.704130454
1194,0.25643,-0.83445,0.08072,2.52E-04,0.080572893
1195,0.26049,-0.67339,0.08406,2.88E-04,0.042287511
1196,0.26049,-0.7577,0.09075,3.36E-04,0.036385805
1197,0.26049,-0.68502,0.0944,3.83E-04,0.778831791
1198,0.26049,0.87264,0.09774,4.06E-04,0.057634768
1199,0.26049,0.75751,0.09207,4.22E-04,0.034793693
1200,0.26397,0.8267,0.08551,3.58E-04,0.520710261
1201,0.26397,-0.21464,0.07256,2.84E-04,0.465162851
1202,0.26397,0.71565,0.06441,2.16E-04,0.027211013
1203,0.26803,0.76914,0.05524,1.50E-04,0.633486126
1204,0.26803,-0.4978,0.0462,1.00E-04,0.449801076
1205,0.27151,0.40168,0.03179,6.05E-05,0.212569167
1206,0.27151,0.8267,0.02176,2.36E-05,0.727094488
1207,0.27151,-0.62746,0.01258,2.36E-05,0.725059027
1208,0.27151,0.82263,0.00356,1.93E-05,0.595095109
1209,0.27151,-0.36756,0.00284,2.21E-05,0.200899022
1210,0.27557,-0.76933,0.0053,2.64E-05,0.063093327
1211,0.27557,-0.8955,0.00735,3.35E-05,0.151238004
1212,0.27557,-0.59315,0.01608,3.50E-05,0.361671868
1213,0.27963,0.13015,0.00924,3.07E-05,0.281264671
1214,0.27963,0.69239,0.02728,4.91E-05,0.091880178
1215,0.27963,0.87612,0.02394,3.78E-05,0.034550145
1216,0.27963,0.80752,0.01564,2.79E-05,0.790974806
1217,0.28312,-0.77281,0.08712,3.36E-04,0.470671119
1218,0.28312,0.16852,0.09192,3.72E-04,0.373279079
1219,0.28312,-0.57803,0.09541,3.92E-04,0.174140372
1220,0.28312,-0.92631,0.09469,4.06E-04,0.235488201
1221,0.28312,-0.45535,0.09862,4.77E-04,0.602653961
1222,0.28312,0.74995,0.09425,4.42E-04,0.66987089
1223,0.28312,-0.58966,0.07546,3.01E-04,0.535933249
1224,0.28718,0.48191,0.05058,1.44E-04,0.074531763
1225,0.28718,0.33307,0.04242,8.18E-05,0.26038383
1226,0.28718,0.85345,0.02233,2.49E-05,0.690743434
1227,0.29066,-0.52803,0.02495,1.93E-05,0.61399692
1228,0.29066,0.69995,0.03078,5.47E-05,0.719247005
1229,0.29472,-0.73851,0.02176,2.36E-05,0.177941562
1230,0.29472,-0.38267,0.01622,1.22E-05,0.206734652
1231,0.29472,-0.79607,0.00865,1.93E-05,0.045946213
1232,0.29472,-0.88794,0.00662,1.22E-05,0.049740902
1233,0.29472,-0.78851,0.00341,2.79E-05,0.045930884
1234,0.29472,-0.69665,0.00284,3.50E-05,0.734968166
1235,0.29472,0.77321,0.01782,2.64E-05,0.017365401
1236,0.29472,0.80752,0.02321,4.76E-05,0.030900134
1237,0.2982,0.74588,0.02598,5.90E-05,0.036392818
1238,0.2982,0.81856,0.0299,6.91E-05,0.028857245
1239,0.2982,0.87612,0.03412,8.89E-05,0.068921057
1240,0.2982,0.73833,0.03791,1.09E-04,0.074819249
1241,0.30226,0.88775,0.0449,1.20E-04,0.878250441
1242,0.30226,-0.86875,0.04314,1.17E-04,0.843660549
1243,0.30226,0.81856,0.04926,1.42E-04,0.036347433
1244,0.30226,0.74588,0.05073,1.56E-04,0.080252482
1245,0.30226,0.58541,0.05408,1.70E-04,0.040136913
1246,0.30226,0.66565,0.05641,1.96E-04,0.04231939
1247,0.30632,0.58134,0.06266,2.26E-04,0.067190538
1248,0.30632,0.71565,0.06703,2.51E-04,0.635215414
1249,0.30632,-0.55478,0.06848,2.63E-04,0.698300464
1250,0.30632,0.84182,0.07009,2.78E-04,0.870695986
1251,0.30632,-0.89957,0.07271,3.08E-04,0.604692503
1252,0.3098,0.30981,0.07271,2.94E-04,0.109032791
1253,0.3098,0.09177,0.07605,3.18E-04,0.350028344
1254,0.3098,0.79182,0.07911,3.39E-04,0.089840848
1255,0.3098,0.61215,0.08116,3.62E-04,0.698298605
1256,0.31387,-0.78444,0.08305,3.73E-04,0.317460828
1257,0.31387,-0.14952,0.0845,3.83E-04,0.204956847
1258,0.31387,0.26039,0.08624,4.08E-04,0.422993045
1259,0.31387,-0.58559,0.08945,4.35E-04,0.091905912
1260,0.31735,-0.76933,0.09323,4.57E-04,0.382587767
1261,0.31735,-0.00416,0.09614,4.71E-04,0.162511969
1262,0.31735,-0.32918,0.09774,4.90E-04,0.480266381
1263,0.31735,0.63134,0.09279,3.76E-04,0.132020354
1264,0.31735,0.89531,0.08668,3.22E-04,0.822731801
1265,0.31735,-0.75014,0.07999,2.48E-04,0.811400258
1266,0.31735,0.87264,0.07183,1.99E-04,0.040826979
1267,0.31735,0.79182,0.06019,1.16E-04,0.60443028
1268,0.31735,-0.41698,0.04809,4.06E-05,0.237279601
1269,0.31735,-0.89143,0.03791,1.93E-05,0.223877885
1270,0.32141,-0.44372,0.03296,2.49E-05,0.639006994
1271,0.32141,0.83426,0.04228,1.19E-04,0.535816108
1272,0.32895,-0.23732,0.0497,1.46E-04,0.33112889
1273,0.32895,-0.89957,0.05291,1.67E-04,0.866944321
1274,0.32895,0.83426,0.06717,2.34E-04,0.005891313
1275,0.32895,0.84589,0.06906,2.70E-04,0.606744626
1276,0.32895,-0.36756,0.07882,3.35E-04,0.524459848
1277,0.32895,0.68135,0.07431,3.12E-04,0.23551056
1278,0.33301,0.21039,0.08072,3.61E-04,0.359620314
1279,0.33301,-0.50884,0.08463,3.75E-04,0.139838757
1280,0.33301,-0.78851,0.08668,3.99E-04,0.509040006
1281,0.33301,0.22957,0.08653,3.93E-04,0.269792156
1282,0.33301,-0.31,0.09046,4.19E-04,0.432306442
1283,0.33649,0.55459,0.0957,4.70E-04,0.131986005
1284,0.33649,0.81856,0.09673,4.77E-04,0.642773488
1285,0.34056,-0.46698,0.0979,4.89E-04,0.201351322
1286,0.34056,-0.06521,0.07051,2.16E-04,0.422707246
1287,0.34056,-0.91061,0.07546,2.51E-04,0.497424996
1288,0.34404,0.08422,0.08072,2.87E-04,0.34246942
1289,0.34404,0.76914,0.0858,3.29E-04,0.665744601
1290,0.34404,-0.56234,0.08085,2.87E-04,0.174143794
1291,0.34404,-0.91061,0.07735,2.54E-04,0.018941053
1292,0.34404,-0.87282,0.07999,2.68E-04,0.809409757
1293,0.34404,0.74588,0.06032,1.20E-04,0.74802193
1294,0.3481,-0.75014,0.05291,1.07E-04,0.183747116
1295,0.3481,-0.38267,0.04869,7.19E-05,0.101574358
1296,0.35216,-0.58559,0.03995,1.78E-05,0.11282116
1297,0.35216,-0.81119,0.03558,2.49E-05,0.086051955
1298,0.35216,-0.63909,0.03674,4.34E-05,0.371265854
1299,0.35216,0.1034,0.04461,6.61E-05,0.348293443
1300,0.35216,0.79996,0.05073,1.09E-04,0.830583308
1301,0.35216,-0.86119,0.0433,7.47E-05,0.792203866
1302,0.35216,0.72321,0.03835,4.91E-05,0.130289226
1303,0.35564,0.46273,0.04461,8.89E-05,0.120663538
1304,0.35564,0.70402,0.04884,1.10E-04,0.757606841
1305,0.35564,-0.81119,0.05218,1.30E-04,0.010543297
1306,0.35564,-0.83038,0.06092,1.57E-04,0.013440519
1307,0.35564,-0.85712,0.06367,1.69E-04,0.510793128
1308,0.3597,0.16445,0.06776,1.83E-04,0.447700715
1309,0.3597,-0.73095,0.06936,1.94E-04,0.759642917
1310,0.3597,0.78833,0.07357,2.26E-04,0.074780744
1311,0.3597,0.6389,0.07984,2.58E-04,0.057582374
1312,0.3597,0.75402,0.08305,2.82E-04,0.044226305
1313,0.36318,0.66565,0.08463,3.01E-04,0.030547416
1314,0.36318,0.6046,0.08697,3.22E-04,0.72504837
1315,0.36724,-0.84549,0.08872,3.42E-04,0.025199521
1316,0.36724,-0.8955,0.09497,3.71E-04,0.17589845
1317,0.36724,-0.54373,0.09062,4.35E-04,0.675626734
1318,0.36724,0.80752,0.08756,3.52E-04,0.20677655
1319,0.37131,0.39412,0.07707,3.19E-04,0.386686688
1320,0.37131,-0.37919,0.06717,2.11E-04,0.090334675
1321,0.37479,-0.19894,0.05537,1.83E-04,0.491603888
1322,0.37479,0.78426,0.05146,1.26E-04,0.042707123
1323,0.37479,0.86857,0.03777,8.89E-05,0.866628599
1324,0.37885,-0.86468,0.04068,7.32E-05,0.845692448
1325,0.37885,0.8267,0.03661,5.77E-05,0.790465471
1326,0.38639,-0.75421,0.03355,5.19E-05,0.74250157
1327,0.38639,0.73077,0.02526,4.20E-05,0.078567997
1328,0.38639,0.88775,0.01826,3.78E-05,0.02893387
1329,0.38639,0.83019,0.0123,2.21E-05,0.154964771
1330,0.38987,0.52029,0.00981,1.93E-05,0.321556717
1331,0.38987,-0.12277,0.00152,2.79E-05,0.210621164
1332,0.38987,-0.54373,0.01694,3.78E-05,0.432627305
1333,0.38987,0.32144,0.02904,6.05E-05,0.484068308
1334,0.38987,-0.64664,0.03951,1.02E-04,0.459063248
1335,0.39393,0.27144,0.04781,1.37E-04,0.082338179
1336,0.39393,0.43598,0.05451,1.76E-04,0.092041125
1337,0.398,0.61971,0.06514,1.73E-04,0.681187903
1338,0.398,-0.74258,0.04985,9.32E-05,0.775064009
1339,0.398,0.80752,0.04053,4.76E-05,0.552951938
1340,0.398,-0.29837,0.04607,6.18E-05,0.575933206
1341,0.398,0.85345,0.05641,1.09E-04,0.055728616
1342,0.40148,0.7424,0.06527,1.54E-04,0.006709127
1343,0.40148,0.75402,0.07198,1.86E-04,0.801790643
1344,0.40148,-0.84956,0.07401,2.18E-04,0.145371422
1345,0.40148,-0.55885,0.07838,2.40E-04,0.145536902
1346,0.40554,-0.84956,0.09235,3.45E-04,0.105279338
1347,0.40554,-0.63909,0.08624,2.91E-04,0.062098369
1348,0.40554,-0.7577,0.04941,7.04E-05,0.740468736
1349,0.40554,0.72321,0.04039,1.62E-04,0.012675081
1350,0.40902,0.69995,0.04985,1.96E-04,0.772837314
1351,0.40902,-0.84549,0.07678,3.90E-04,0.186079626
1352,0.41308,-0.47454,0.04708,2.08E-04,0.001235913
1353,0.41308,-0.47454,0.04461,1.13E-04,0.023351976
1354,0.41714,-0.42861,0.03718,3.78E-05,0.090297347
1355,0.41714,-0.60827,0.05553,1.09E-04,0.116709432
1356,0.41714,-0.37512,0.06673,1.66E-04,0.598909305
1357,0.41714,0.82263,0.07955,2.63E-04,0.551119889
1358,0.42062,-0.27918,0.04897,1.80E-04,0.041870206
1359,0.42062,-0.19545,0.05029,1.43E-04,0.488157017
1360,0.42062,0.78077,0.03674,8.89E-05,0.023240071
1361,0.42062,0.8267,0.02961,4.63E-05,0.851513412
1362,0.42062,-0.87631,0.02204,2.79E-05,0.7730542
1363,0.42062,0.66972,0.00647,2.21E-05,0.277651579
1364,0.42468,0.11445,0.01098,2.36E-05,0.040132964
1365,0.42468,0.03421,0.01302,3.07E-05,0.145429556
1366,0.42817,0.32493,0.00473,2.36E-05,0.556843246
1367,0.42817,-0.78851,0.02816,7.90E-05,0.07540106
1368,0.42817,-0.63909,0.04853,1.56E-04,0.124711603
1369,0.42817,-0.88794,0.06543,2.08E-04,0.853263111
1370,0.42817,0.81856,0.07489,2.89E-04,0.832033611
1371,0.42817,-0.84549,0.08246,3.86E-04,0.045796266
1372,0.42817,-0.75421,0.09002,3.76E-04,0.752086367
1373,0.43223,0.74995,0.09469,4.93E-04,0.183735223
1374,0.43223,0.38249,0.09192,4.30E-04,0.552966174
1375,0.43223,-0.72339,0.08116,3.56E-04,0.040341915
1376,0.43223,-0.80363,0.07271,2.13E-04,0.78436562
1377,0.43223,0.76507,0.06281,1.54E-04,0.671575687
1378,0.43571,-0.57803,0.05159,9.60E-05,0.057281608
1379,0.43571,-0.69258,0.04985,8.33E-05,0.026748619
1380,0.43571,-0.74607,0.05073,8.33E-05,0.128282034
1381,0.43571,-0.48966,0.04184,6.33E-05,0.219851949
1382,0.43977,-0.0501,0.03135,8.61E-05,0.29845954
1383,0.43977,-0.64664,0.05262,1.44E-04,0.14921223
1384,0.43977,-0.34837,0.06222,2.14E-04,0.577945455
1385,0.43977,0.80752,0.06367,2.41E-04,0.821029938
1386,0.43977,-0.83445,0.08085,2.80E-04,0.52039269
1387,0.44383,0.20632,0.08479,3.73E-04,0.252645077
1388,0.44383,0.71158,0.09031,4.08E-04,0.788133444
1389,0.44383,-0.86468,0.09497,4.45E-04,0.007563212
1390,0.44383,-0.84956,0.09541,4.71E-04,0.763533182
1391,0.44731,0.67727,0.06877,2.89E-04,0.074878811
1392,0.44731,0.8267,0.05887,1.88E-04,0.114835175
1393,0.44731,0.59704,0.05669,1.47E-04,0.103310154
1394,0.44731,0.80345,0.04737,1.16E-04,0.776801838
1395,0.45137,-0.75014,0.05247,1.37E-04,0.792209042
1396,0.45137,0.83426,0.06004,1.81E-04,0.805575793
1397,0.45137,-0.77688,0.06615,2.33E-04,0.126233559
1398,0.45137,-0.52454,0.07416,3.35E-04,0.48812565
1399,0.45485,0.45168,0.08116,3.63E-04,0.581740385
1400,0.45485,-0.71176,0.0909,3.90E-04,0.145355899
1401,0.45485,-0.42105,0.09192,4.62E-04,0.608471399
1402,0.45485,0.79589,0.09453,4.57E-04,0.834360594
1403,0.45485,-0.87282,0.08842,3.92E-04,0.798026572
1404,0.45892,0.72321,0.08085,2.95E-04,0.329104439
1405,0.46298,0.06503,0.07621,3.22E-04,0.283161321
1406,0.46298,-0.50129,0.07794,3.34E-04,0.093911273
1407,0.46298,-0.68909,0.08085,3.52E-04,0.038238254
1408,0.46298,-0.76526,0.08769,3.95E-04,0.482016318
1409,0.46646,0.19876,0.09119,4.29E-04,0.464856278
1410,0.46646,-0.73095,0.09337,4.60E-04,0.677370302
1411,0.47052,0.62378,0.09687,4.77E-04,0.026767003
1412,0.47052,0.67727,0.09904,5.06E-04,0.665735106
1413,0.47052,-0.6542,0.09979,5.13E-04,0.040549101
1414,0.47052,-0.73502,0.09308,3.65E-04,0.761712618
1415,0.47052,0.78833,0.07794,2.68E-04,0.711970253
1416,0.474,-0.6356,0.07372,2.20E-04,0.080484709
1417,0.474,-0.79607,0.06105,1.60E-04,0.036345813
1418,0.474,-0.86875,0.05975,1.51E-04,0.694523661
1419,0.474,0.52029,0.05524,1.19E-04,0.639005001
1420,0.474,-0.7577,0.04809,8.46E-05,0.197114696
1421,0.474,-0.36349,0.04418,5.47E-05,0.22211448
1422,0.47806,-0.8077,0.04358,2.79E-05,0.01206221
1423,0.47806,-0.78444,0.03718,3.35E-05,0.017194052
1424,0.47806,-0.75014,0.03472,2.79E-05,0.639009651
1425,0.48561,0.52785,0.03049,1.93E-05,0.369237544
1426,0.48561,-0.21057,0.02147,2.64E-05,0.109043527
1427,0.48561,-0.42861,0.01694,1.07E-05,0.367487132
1428,0.48967,0.30632,0.00997,1.35E-05,0.231705559
1429,0.48967,-0.15708,0.00676,1.78E-05,0.461075371
1430,0.48967,0.76507,0.00559,1.35E-05,0.7041272
1431,0.48967,-0.64316,0.01388,1.35E-05,0.669835372
1432,0.48967,0.69646,0.02554,3.50E-05,0.392228819
1433,0.49315,-0.08789,0.03806,6.76E-05,0.44774982
1434,0.49315,0.80752,0.05073,1.49E-04,0.767203992
1435,0.49315,-0.72688,0.05568,1.80E-04,0.008176359
1436,0.49721,-0.71583,0.06703,2.33E-04,0.124440437
1437,0.49721,-0.46698,0.07095,2.64E-04,0.015536808
1438,0.50069,-0.43617,0.073,2.89E-04,0.417181411
1439,0.50069,0.39819,0.07517,3.22E-04,0.325316428
1440,0.50069,-0.25243,0.07926,3.42E-04,0.281419985
1441,0.50069,-0.81526,0.08261,3.73E-04,0.030587863
1442,0.50069,-0.87631,0.08653,3.95E-04,0.183743287
1443,0.50069,-0.50884,0.09002,4.30E-04,0.638990417
1444,0.50069,0.76914,0.09148,4.60E-04,0.386661905
1445,0.50475,-0.00416,0.09599,4.71E-04,0.393921952
1446,0.50475,-0.792,0.09847,4.97E-04,0.627380749
1447,0.50475,0.46273,0.08958,3.93E-04,0.111195423
1448,0.50881,0.68483,0.07896,2.89E-04,0.29281452
1449,0.51229,0.09933,0.06717,2.00E-04,0.223948016
1450,0.51229,-0.34837,0.05392,1.54E-04,0.216305868
1451,0.51229,-0.78095,0.05916,1.36E-04,0.759646469
1452,0.51229,0.73833,0.06543,1.79E-04,0.778556161
1453,0.51636,-0.81875,0.0746,2.24E-04,0.181708429
1454,0.51636,-0.45535,0.0781,2.74E-04,0.088152783
1455,0.51984,-0.63153,0.08377,3.05E-04,0.007824291
1456,0.51984,-0.64664,0.08784,3.38E-04,0.024731254
1457,0.51984,-0.59722,0.08989,3.65E-04,0.413395235
1458,0.51984,0.22957,0.08901,4.08E-04,0.369209838
1459,0.51984,-0.50884,0.09279,4.38E-04,0.531721806
1460,0.51984,0.55459,0.08741,3.66E-04,0.671551439
1461,0.51984,-0.78851,0.08463,3.39E-04,0.21635616
1462,0.5239,-0.35593,0.07473,2.92E-04,0.197182565
1463,0.5239,-0.75014,0.06367,2.01E-04,0.086206048
1464,0.52738,-0.57803,0.05408,1.81E-04,0.099478542
1465,0.53144,-0.77688,0.04897,1.29E-04,0.18177493
1466,0.53144,-0.41349,0.03819,1.14E-04,0.197192837
1467,0.53144,-0.8077,0.02642,6.61E-05,0.71197537
1468,0.53898,0.61622,0.02088,4.48E-05,0.078529012
1469,0.53898,0.45924,0.01593,4.48E-05,0.620429815
1470,0.53898,-0.78095,0.05669,1.43E-04,0.794236333
1471,0.53898,0.80752,0.0596,1.56E-04,0.241309927
1472,0.54305,0.32493,0.0631,1.77E-04,0.441897358
1473,0.54305,-0.55885,0.0682,1.91E-04,0.103282684
1474,0.54305,-0.76526,0.07621,2.48E-04,0.730864905
1475,0.54653,0.69646,0.08028,3.00E-04,0.334969149
1476,0.54653,0.02665,0.06717,1.76E-04,0.350027265
1477,0.54653,-0.67339,0.07168,2.30E-04,0.721268086
1478,0.54653,0.76914,0.0759,2.57E-04,0.665748455
1479,0.54653,-0.56234,0.08261,3.32E-04,0.652372738
1480,0.54653,0.7424,0.08639,3.53E-04,0.761677011
1481,0.54653,-0.78095,0.08989,3.96E-04,0.042166097
1482,0.54653,-0.69665,0.08756,4.10E-04,0.606731111
1483,0.55059,0.5168,0.09119,4.36E-04,0.574165293
1484,0.55059,-0.63153,0.09235,4.45E-04,0.032566689
1485,0.55059,-0.69665,0.09367,4.59E-04,0.019188472
1486,0.55059,-0.73502,0.0944,4.69E-04,0.009703976
1487,0.55059,-0.75421,0.0973,5.19E-04,0.359920779
1488,0.55465,-0.0344,0.09192,4.60E-04,0.285219113
1489,0.55465,-0.60478,0.08377,4.02E-04,0.023158875
1490,0.55465,-0.65071,0.07779,3.09E-04,0.008125349
1491,0.55465,-0.66234,0.06644,2.33E-04,0.109310846
1492,0.55465,-0.44372,0.06558,2.47E-04,0.172114369
1493,0.55813,-0.09952,0.06281,2.35E-04,0.269910507
1494,0.55813,-0.63909,0.04635,1.33E-04,0.68872426
1495,0.56567,0.73833,0.04169,9.04E-05,0.566316336
1496,0.56567,-0.3943,0.03923,6.05E-05,0.189263799
1497,0.56567,-0.77281,0.03558,3.92E-05,0.036489656
1498,0.56567,-0.70421,0.06048,1.39E-04,0.004805044
1499,0.56567,-0.70421,0.07009,1.80E-04,0.009746585
1500,0.56567,-0.72339,0.07357,2.10E-04,0.237236547
1501,0.56973,-0.24894,0.0759,2.44E-04,0.044276179
1502,0.56973,-0.16057,0.08158,2.71E-04,0.157016202
1503,0.56973,-0.47454,0.08784,3.14E-04,0.063169679
1504,0.57322,-0.34837,0.09337,3.72E-04,0.202926348
1505,0.57322,-0.75421,0.09658,4.13E-04,0.034601295
1506,0.57322,-0.68502,0.0979,4.22E-04,0.441060165
1507,0.57728,0.19527,0.04125,1.30E-04,0.177952028
1508,0.57728,0.5511,0.03399,1.02E-04,0.598872557
1509,0.57728,-0.64664,0.03049,8.89E-05,0.170390848
1510,0.57728,-0.30593,0.0235,6.61E-05,0.315434854
1511,0.57728,0.32493,0.02,6.61E-05,0.539579156
1512,0.58134,-0.75421,0.0152,6.05E-05,0.553240257
1513,0.58482,0.35226,0.01186,5.34E-05,0.114864884
1514,0.58482,0.12259,0.00662,6.05E-05,0.43055517
1515,0.58482,-0.73851,0.0024,6.91E-05,0.080250693
1516,0.58482,-0.57803,0.00502,8.46E-05,0.086050126
1517,0.58482,-0.40593,0.00473,3.22E-05,0.174145429
1518,0.58482,-0.05765,0.00748,4.76E-05,0.31572819
1519,0.58888,-0.68909,0.00953,3.63E-05,0.051473637
1520,0.58888,-0.792,0.0123,4.76E-05,0.539573482
1521,0.59236,0.28713,0.01725,4.63E-05,0.191305041
1522,0.59236,0.66972,0.02117,6.48E-05,0.549172268
1523,0.59642,-0.42861,0.0251,8.46E-05,0.16079537
1524,0.59642,-0.75014,0.03135,9.90E-05,0.019574369
1525,0.59642,-0.71176,0.03907,1.30E-04,0.570118408
1526,0.60049,0.42842,0.0497,1.83E-04,0.552947968
1527,0.60397,-0.67746,0.05451,2.11E-04,0.099431767
1528,0.60397,-0.47861,0.05683,2.06E-04,0.055644195
1529,0.60397,-0.36756,0.06411,2.77E-04,0.147446464
1530,0.60397,-0.66234,0.07227,3.46E-04,0.229718249
1531,0.60803,-0.20301,0.08129,4.01E-04,0.233453313
1532,0.60803,-0.6699,0.08523,4.36E-04,0.223862992
1533,0.61151,-0.2222,0.08857,4.55E-04,0.488116276
1534,0.61151,0.75402,0.09352,5.10E-04,0.495679967
1535,0.61557,-0.23732,0.09832,5.36E-04,0.183736374
1536,0.61557,-0.60478,0.09526,4.66E-04,0.24899181
1537,0.61905,-0.10708,0.07882,3.53E-04,0.189679246
1538,0.62311,-0.48617,0.06514,2.43E-04,0.245129528
1539,0.62311,0.00398,0.0548,1.81E-04,0.35381389
1540,0.62311,0.71158,0.04853,1.49E-04,0.661976899
1541,0.62311,-0.61234,0.03907,1.16E-04,0.405559485
1542,0.62717,0.19876,0.03529,9.32E-05,0.139835463
1543,0.62717,0.47843,0.03601,1.02E-04,0.379014332
1544,0.62717,-0.27918,0.0612,1.86E-04,0.231774984
1545,0.62717,-0.74258,0.04941,9.17E-05,0.684959215
1546,0.63066,0.62727,0.03617,2.36E-05,0.66371078
1547,0.63066,-0.70014,0.03063,4.06E-05,0.007827293
1548,0.63066,-0.71176,0.04112,8.05E-05,0.015259107
1549,0.63066,-0.73851,0.05581,1.33E-04,0.114848335
1550,0.63066,-0.50884,0.05931,1.69E-04,0.612262944
1551,0.63472,0.71565,0.06776,2.35E-04,0.690745818
1552,0.63472,-0.66583,0.07343,2.72E-04,0.013806585
1553,0.63472,-0.69258,0.08028,3.19E-04,0.181737772
1554,0.63472,-0.32918,0.08769,3.75E-04,0.006441093
1555,0.63472,-0.31755,0.09323,4.22E-04,0.068948016
1556,0.6382,-0.17975,0.09702,4.52E-04,0.33795923
1557,0.6382,0.49354,0.03747,7.90E-05,0.608470034
1558,0.6382,-0.72339,0.03252,6.18E-05,0.141603188
1559,0.64226,-0.44024,0.03645,8.89E-05,0.011346245
1560,0.64226,-0.46291,0.03544,7.75E-05,0.101479124
1561,0.64226,-0.66583,0.0315,6.48E-05,0.348288216
1562,0.64632,0.03072,0.02699,5.19E-05,0.34450238
1563,0.64632,-0.65827,0.02248,5.06E-05,0.191341521
1564,0.64632,-0.27569,0.0136,3.92E-05,0.187513168
1565,0.64632,-0.65071,0.01142,3.63E-05,0.099523891
1566,0.6498,-0.45186,0.01958,6.33E-05,0.135933441
1567,0.6498,-0.72339,0.03311,7.75E-05,0.661972116
1568,0.6498,0.60053,0.04112,1.07E-04,0.6044191
1569,0.6498,-0.60827,0.05073,1.64E-04,0.041883212
1570,0.6498,-0.52454,0.0532,1.73E-04,0.006465025
1571,0.65386,-0.51291,0.05713,2.01E-04,0.015563444
1572,0.65386,-0.54373,0.06149,2.35E-04,0.049766861
1573,0.65734,-0.64316,0.06441,2.47E-04,0.057272271
1574,0.65734,-0.7577,0.06543,2.58E-04,0.084056446
1575,0.65734,-0.58966,0.07038,2.84E-04,0.040132966
1576,0.65734,-0.6699,0.07242,3.07E-04,0.124449237
1577,0.66141,-0.42105,0.07517,3.17E-04,0.143626597
1578,0.66141,-0.70828,0.07882,3.65E-04,0.162814298
1579,0.66141,-0.38267,0.0823,3.79E-04,0.325318251
1580,0.66489,0.26795,0.08536,3.89E-04,0.065286171
1581,0.66489,0.39819,0.07605,3.34E-04,0.348400704
1582,0.66489,-0.29837,0.05771,2.26E-04,0.122689479
1583,0.66489,-0.54373,0.06076,1.94E-04,0.032583227
1584,0.66489,-0.47861,0.0583,1.69E-04,0.076505219
1585,0.66489,-0.63153,0.05304,1.53E-04,0.088090461
1586,0.66489,-0.45535,0.05247,1.63E-04,0.052166755
1587,0.66489,-0.35186,0.03923,1.02E-04,0.084122429
1588,0.66489,-0.18382,0.03093,7.19E-05,0.063150451
1589,0.66895,-0.05765,0.035,9.47E-05,0.038087543
1590,0.66895,-0.13382,0.03588,7.19E-05,0.191291673
1591,0.66895,-0.5164,0.03428,6.48E-05,0.004361253
1592,0.67301,-0.52047,0.02772,6.18E-05,0.086138199
1593,0.67301,-0.69258,0.02015,5.06E-05,0.011534632
1594,0.67301,-0.6699,0.01593,6.33E-05,0.001750046
1595,0.67301,-0.6699,0.01243,3.78E-05,0.015508785
1596,0.67649,-0.70014,0.00647,3.63E-05,0.407304823
1597,0.68055,0.11445,0.00253,2.92E-05,0.350023344
1598,0.68055,-0.58559,0.00559,1.50E-05,0.051824081
1599,0.68055,-0.68909,0.01113,1.93E-05,0.589292641
1600,0.6881,0.48947,0.01274,2.64E-05,0.227641013
1601,0.69216,0.03421,0.01463,3.07E-05,0.317475381
1602,0.69216,-0.60071,0.02088,4.34E-05,0.581724816
1603,0.69564,0.56273,0.02409,4.91E-05,0.526195401
1604,0.69564,-0.48966,0.02539,5.47E-05,0.015470624
1605,0.69564,-0.45942,0.03194,8.18E-05,0.02463207
1606,0.6997,-0.50536,0.04926,1.59E-04,0.325326163
1607,0.6997,0.14527,0.05465,1.67E-04,0.172111046
1608,0.70318,0.48947,0.05641,1.73E-04,0.495521836
1609,0.70318,-0.50129,0.08012,3.09E-04,0.430556007
1610,0.70724,0.35981,0.08217,3.68E-04,0.09391754
1611,0.70724,0.17201,0.0858,3.86E-04,0.179975181
1612,0.70724,0.53192,0.09119,4.46E-04,0.560803285
1613,0.70724,-0.58966,0.09891,4.94E-04,0.038086749
1614,0.70724,-0.66583,0.09964,5.04E-04,0.055589518
1615,0.71072,-0.55478,0.09557,4.87E-04,0.06322439
1616,0.71072,-0.44024,0.042,1.16E-04,0.061054424
1617,0.71072,-0.56234,0.04053,1.19E-04,0.11077118
1618,0.71072,-0.34081,0.03819,8.89E-05,0.143871671
1619,0.71072,-0.62746,0.06325,1.60E-04,0.233454241
1620,0.71478,-0.16057,0.06237,1.77E-04,0.160765
1621,0.71478,-0.4821,0.06237,1.73E-04,0.068909849
1622,0.71478,-0.3443,0.0647,1.80E-04,0.130254748
1623,0.71478,-0.60478,0.06862,1.99E-04,0.019193567
1624,0.71478,-0.64316,0.06936,2.07E-04,0.273588854
1625,0.71885,-0.09603,0.07533,2.41E-04,0.221819772
1626,0.71885,-0.53966,0.07242,2.24E-04,0.051872653
1627,0.71885,-0.64316,0.07955,2.63E-04,0.174152105
1628,0.72233,-0.29488,0.08173,2.98E-04,0.116586049
1629,0.72233,-0.52803,0.08494,3.15E-04,0.656153913
1630,0.72233,0.78426,0.09178,3.68E-04,0.686962796
1631,0.72233,-0.58966,0.0957,3.98E-04,0.287233729
1632,0.72639,-0.01521,0.09759,4.30E-04,0.311656654
1633,0.72639,0.60808,0.0922,3.63E-04,0.16458853
1634,0.72639,0.27899,0.08463,3.05E-04,0.370961376
1635,0.72639,-0.46291,0.07882,2.33E-04,0.076862391
1636,0.72639,-0.61641,0.07051,1.84E-04,0.005558062
1637,0.72639,-0.60827,0.06294,1.23E-04,0.503244629
1638,0.72987,0.39819,0.0561,1.07E-04,0.493925441
1639,0.72987,-0.58966,0.05742,1.26E-04,0.176299193
1640,0.73799,-0.23732,0.04664,6.33E-05,0.189617281
1641,0.73799,-0.61641,0.03617,7.82E-07,0.333173737
1642,0.74147,0.04991,0.04112,2.49E-05,0.158797089
1643,0.74553,0.36737,0.04941,7.62E-05,0.474473169
1644,0.74553,-0.58152,0.05975,1.32E-04,0.078473431
1645,0.74553,-0.42512,0.07284,2.28E-04,0.015960816
1646,0.75308,-0.3943,0.06936,3.01E-04,0.019198783
1647,0.75308,-0.43268,0.0682,3.56E-04,0.476510141
1648,0.75656,0.52029,0.07735,4.10E-04,0.497423987
1649,0.75656,-0.47454,0.08333,4.32E-04,0.120691368
1650,0.75656,-0.23325,0.09002,5.03E-04,0.231455975
1651,0.76468,0.22957,0.0944,5.41E-04,0.042380396
1652,0.76468,0.31388,0.08567,4.89E-04,0.298960306
1653,0.77571,-0.28325,0.05698,2.78E-04,0.106279996
1654,0.78383,-0.07277,0.02845,1.22E-04,0.23662062
1655,0.78731,-0.54373,0.07473,1.57E-04,0.099784368
1656,0.78731,-0.3443,0.08217,1.97E-04,0.10902694
1657,0.78731,-0.56234,0.08463,2.38E-04,0.309929809
1658,0.79137,0.05747,0.09134,2.84E-04,0.03442781
1659,0.79137,0.12608,0.09715,3.75E-04,0.302342719
1660,0.79137,-0.47454,0.02715,6.91E-05,0.015961641
1661,0.79137,-0.50536,0.01883,3.63E-05,0.069069369
1662,0.79485,-0.36756,0.00981,3.63E-05,0.060162259
1663,0.79485,-0.48617,0.03005,4.34E-05,0.049927484
1664,0.79485,-0.58559,0.03936,9.04E-05,0.499458927
1665,0.79891,0.41331,0.04374,1.17E-04,0.432604241
1666,0.79891,-0.45186,0.0519,1.64E-04,0.008377272
1667,0.79891,-0.44024,0.06397,2.38E-04,0.011899452
1668,0.80239,-0.41698,0.06761,2.52E-04,0.43609045
1669,0.80646,0.45517,0.07372,2.94E-04,0.082398525
1670,0.80646,0.29062,0.08274,3.61E-04,0.231410941
1671,0.80646,-0.1722,0.08406,3.78E-04,0.042192355
1672,0.80646,-0.2565,0.08784,4.08E-04,0.03265282
1673,0.81052,-0.32162,0.09062,4.26E-04,0.166603288
1674,0.814,0.01154,0.09497,4.90E-04,0.243043531
1675,0.814,-0.47454,0.09235,4.60E-04,0.065279283
1676,0.81806,-0.3443,0.08419,3.48E-04,0.015223587
1677,0.81806,-0.31407,0.08056,3.24E-04,0.333180976
1678,0.82154,0.35226,0.07504,2.88E-04,0.269846271
1679,0.82154,-0.18731,0.06354,2.16E-04,0.094155755
1680,0.8256,-0.37512,0.05042,1.13E-04,0.010634209
1681,0.8256,-0.35593,0.04125,8.76E-05,0.031114346
1682,0.82966,-0.29488,0.0299,4.91E-05,0.256564677
1683,0.83315,0.21794,0.01243,2.36E-05,0.344225171
1684,0.83721,-0.47047,0.00618,1.78E-05,0.218168328
1685,0.84069,-0.0344,0.02103,3.78E-05,0.048537393
1686,0.84823,-0.13033,0.03384,7.75E-05,0.149239731
1687,0.84823,-0.42861,0.04475,1.26E-04,0.180051529
1688,0.84823,-0.0687,0.05654,1.54E-04,0.063383291
1689,0.84823,-0.19545,0.05859,1.93E-04,0.180046913
1690,0.85635,0.16445,0.06717,2.38E-04,0.263997064
1691,0.85635,-0.36349,0.07473,2.80E-04,0.009786233
1692,0.85983,-0.38267,0.07649,3.12E-04,0.151227254
1693,0.86738,-0.08033,0.07999,3.41E-04,0.151189305
1694,0.87144,0.22201,0.08261,3.58E-04,0.283159925
1695,0.87144,-0.3443,0.08595,3.81E-04,0.030839482
1696,0.87898,-0.28325,0.09046,4.03E-04,0.026825541
1697,0.88304,-0.22976,0.09134,4.27E-04,0.252643198
1698,0.88304,0.27551,0.09541,4.99E-04,0.046358157
1699,0.88652,0.36737,0.08333,3.63E-04,0.128328311
1700,0.89058,0.11096,0.07284,2.65E-04,0.031129069
1701,0.89813,0.04991,0.06325,2.14E-04,0.176214272
1702,0.89813,-0.30244,0.05581,1.70E-04,0.151200169
1703,0.90219,-9.22E-05,0.0519,1.50E-04,0.094127716
1704,0.91321,0.18771,0.0449,1.25E-04,0.185802144
1705,0.91321,-0.18382,0.03747,9.04E-05,0.062529841
1706,0.93642,-0.06114,0.03034,6.18E-05,0.087856249
1707,0.93642,0.11445,0.02378,4.20E-05,0.106989218
1708,0.93642,-0.09952,0.02568,5.19E-05,2.35E-05
